rendering_npi,billing_npi,provider_name,taxonomies,provider_specialty,provider_key,gold_run_id,gold_processed_timestamp
8146990378,7025496562,Dr. Heidi Miller,208400000X,Cardiologist,f41e4b524db12461b002187b7b779c51933a35d07c0f1e0d52a3d7ca5a6f1b54,897b6ee5-14ef-49eb-8a93-c217408284ad,2026-03-10 13:13:22.382491
7152618300,4778479449,Dr. Craig Hall,207Q00000X,Gastroenterology,5952385d739ddae4161de821fa97d2c886eaac9455f9749384312dbb07370ed3,897b6ee5-14ef-49eb-8a93-c217408284ad,2026-03-10 13:13:22.382491
2538424948,5253702362,Dr. Gregory Walter,207X00000X,Family Medicine,4641c20cc9b3ad0ad91543831697c3b79e1b42bbed8e73013acbb2de7edb6934,897b6ee5-14ef-49eb-8a93-c217408284ad,2026-03-10 13:13:22.382491
2446896350,2933149446,Dr. David Phillips,207P00000X,Pediatrics,d5b79fd802a6bb3dc4c2d404d509dffac0b72ba2f52e24379cd8b72c332cef9f,897b6ee5-14ef-49eb-8a93-c217408284ad,2026-03-10 13:13:22.382491
608932160,3109281526,Dr. Scott Carlson,207RX0202X,Family Medicine,b27e17cffe0ad2a8e1042fee15a843a9751836a26050cb706610eaae40385e08,897b6ee5-14ef-49eb-8a93-c217408284ad,2026-03-10 13:13:22.382491
8121428206,4348934204,Dr. Jennifer Thomas,208100000X,Dermatology,40dec9d43bfc0e293acbfd2da74d2116ac4fc393b2c75f6080b098db873a6f2d,897b6ee5-14ef-49eb-8a93-c217408284ad,2026-03-10 13:13:22.382491
7139990334,3769194829,Dr. Robert Martin,208500000X,Gastroenterology,84f760925af957fe22ec4580dcf65c0b18a6600f1f1517e8334e92681a112744,897b6ee5-14ef-49eb-8a93-c217408284ad,2026-03-10 13:13:22.382491
6495666312,1084181848,Dr. Elaine Hall,208800000X,Family Medicine,0b36939ac4dd54684a36a26ea9e95e1f51ad08d2a0f587e05f2da374c2b07cd8,897b6ee5-14ef-49eb-8a93-c217408284ad,2026-03-10 13:13:22.382491
3909222403,2376083288,Dr. Laura Petersen,208600000X,Dermatology,ff5513ce967fea20e5095aa13074ba9c3f657d6c79ae423fb4b4ddc59f75b7e8,897b6ee5-14ef-49eb-8a93-c217408284ad,2026-03-10 13:13:22.382491
3504623219,4790695119,Dr. Holly Martin,208700000X,Pediatrics,116ebcef8cf3984ff646537c7f7f942d021b6093e9e4442f1c54c1117a6de480,897b6ee5-14ef-49eb-8a93-c217408284ad,2026-03-10 13:13:22.382491
7285296403,4246758270,Dr. Joshua Lopez,207P00000X,Pediatrics,88321bb757db70dd9d6b004fbf991a1a56ad37645a8ef1aacf50ab7fbb94b3b6,897b6ee5-14ef-49eb-8a93-c217408284ad,2026-03-10 13:13:22.382491
4648189573,8009393055,Dr. Jessica Gray,207P00000X,Cardiologist,aaa06f33da6f03cf234a621772258d6c2e96e98a090ba45f227bb02ab1c91589,897b6ee5-14ef-49eb-8a93-c217408284ad,2026-03-10 13:13:22.382491
636108424,2853132206,Dr. Craig Jackson,207RC0000X,Psychiatrist,bd3dfc2536bcabed477c5a304dfbf786c3d042a29dce61cf1a1d8d5316a17c33,897b6ee5-14ef-49eb-8a93-c217408284ad,2026-03-10 13:13:22.382491
6698569709,6969467618,Dr. Tanner Browning,208400000X,Internal Medicine,c9f04a5fce73ecef91fe5b9cfcb3ff0033eb18f09f944bdef33ec2ae34fe0c5f,897b6ee5-14ef-49eb-8a93-c217408284ad,2026-03-10 13:13:22.382491
4240796881,6778956064,Dr. Matthew Velez,208300000X,Family Medicine,3e216294121d87907d6905d53d8b3c4922d4a5776cb642e9d48dcef5a77496a9,897b6ee5-14ef-49eb-8a93-c217408284ad,2026-03-10 13:13:22.382491
5428961703,5956349973,Dr. Marissa Allen,208100000X,Primary Care,743847b46c30b1f2ead892d4cb1d0af31d324ac4fa407ffd5d4bff6e2ef9b5e3,897b6ee5-14ef-49eb-8a93-c217408284ad,2026-03-10 13:13:22.382491
6930585940,7580565325,Dr. Angela Hawkins,207RG0100X,Therapist,8287a67df8439003188c1b9842e8033a79d4e1578e714a8211e210fe00dfdd9c,897b6ee5-14ef-49eb-8a93-c217408284ad,2026-03-10 13:13:22.382491
9351308188,3684324489,Dr. Christina Ruiz,208000000X,Gastroenterology,7d750536370992d5e0ceaf1e9833755fe272fb0de42b1502cb76aaf372d9f10e,897b6ee5-14ef-49eb-8a93-c217408284ad,2026-03-10 13:13:22.382491
4208459708,6931475849,Dr. Jennifer Hurley,207Q00000X,Dermatology,2b1f23d4f8065cbf758fff71b97cd9c4a26e6a7a1a4114b49e6d4f8eedccc2b9,897b6ee5-14ef-49eb-8a93-c217408284ad,2026-03-10 13:13:22.382491
9176552065,1903776232,Dr. Meghan Cain,208400000X,Dermatology,8733ef799ef1322ffb2923b580d19bce5869f923a9a6e9760bfa46d9505e11fc,897b6ee5-14ef-49eb-8a93-c217408284ad,2026-03-10 13:13:22.382491
7411879211,6237847653,Dr. Julie Gardner,207Q00000X,Pediatrics,21cc1ef1224812a703b4649d9c51bee625df2f57dae66db7dcc8585a4283c421,897b6ee5-14ef-49eb-8a93-c217408284ad,2026-03-10 13:13:22.382491
3715255163,2891607531,Dr. David Wood,208700000X,Pediatrics,2838fb1b3d14b6e35a5ff344844d7314a53fbde25619796ae918ef62ed0bbccc,897b6ee5-14ef-49eb-8a93-c217408284ad,2026-03-10 13:13:22.382491
6550859332,8192082198,Dr. Carol Lee,208700000X,Psychiatrist,c6ffb49f890bb43eb7d7105a02624f0a7a93bdf69a0734dc6f610e8e9ed348ff,897b6ee5-14ef-49eb-8a93-c217408284ad,2026-03-10 13:13:22.382491
762051573,8057757560,Dr. Cynthia Sullivan,208400000X,Psychiatrist,8426767d142c29b412d46b9e47174864a1ca50382ebad5916196751a7fbd2f17,897b6ee5-14ef-49eb-8a93-c217408284ad,2026-03-10 13:13:22.382491
3274588552,5946578058,Dr. Cynthia Jones,208700000X,Psychiatrist,65d0df466d2b12099817fb571139e216753018a00acb02710f8fccae82682630,897b6ee5-14ef-49eb-8a93-c217408284ad,2026-03-10 13:13:22.382491
2366293102,3807924579,Dr. Justin Schmidt,207X00000X,Psychiatrist,632248b6fc49478dba00bd634d7d7a7fbbadb5492f124ba72f919bf28bc4e016,897b6ee5-14ef-49eb-8a93-c217408284ad,2026-03-10 13:13:22.382491
854526425,4934484895,Dr. Nathaniel Parsons,207Q00000X,Pediatrics,e8eb7053c2c0dfff35a84cd5c540d55ccf61c258a749d72eb41a75b0c5d56541,897b6ee5-14ef-49eb-8a93-c217408284ad,2026-03-10 13:13:22.382491
245698928,9136817055,Dr. Robert Manning,208100000X,Psychiatrist,efb2154f52189df7d79a5f906cbfe351c810784aa2c0bc67591b2ebb15b69aa4,897b6ee5-14ef-49eb-8a93-c217408284ad,2026-03-10 13:13:22.382491
3405856300,4551878185,Dr. Thomas Larsen,207RG0100X,Gastroenterology,94937f6e4bfca44fc31dab3c638ed627f63983334683b65b3a55817dfd77e00e,897b6ee5-14ef-49eb-8a93-c217408284ad,2026-03-10 13:13:22.382491
780111387,7043964499,Dr. Crystal Gutierrez,208800000X,Psychologist,47cb82ecc83f8aef0197e498756c46e1a939ab332ed7375452eb9809489603fc,897b6ee5-14ef-49eb-8a93-c217408284ad,2026-03-10 13:13:22.382491
2173850545,2953795196,Dr. Justin Lynn,208300000X,Psychiatrist,7e2264e0a9b62360b394e92d221150f549a008cb60f6c7311219ec9cea06ed7c,897b6ee5-14ef-49eb-8a93-c217408284ad,2026-03-10 13:13:22.382491
9174687644,3581008351,Dr. Renee Williams,207RX0202X,Gastroenterology,5ac19c0a08fc1276e1889273c503078c027d529ca664e36757e9f1eac8f5bc67,897b6ee5-14ef-49eb-8a93-c217408284ad,2026-03-10 13:13:22.382491
2678602310,6180952081,Dr. Lauren Berry,207P00000X,Cardiologist,265889098c1a181a482abca837ce5c9c2d5ae8064732844be0054734e93a909f,897b6ee5-14ef-49eb-8a93-c217408284ad,2026-03-10 13:13:22.382491
3881776541,5260006698,Dr. Jason Matthews,207RG0100X,Pediatrics,cbda8159170e8110014944762fdcdc25d73853a0927ea3e6a3bed449d63f8b13,897b6ee5-14ef-49eb-8a93-c217408284ad,2026-03-10 13:13:22.382491
9075855643,4660188167,Dr. David Buck,208200000X,Endocrinology,f80c4c44431966b2ea155b614dcd7163f5a3fb8dbe6a8d1bb7e6cb42171864a3,897b6ee5-14ef-49eb-8a93-c217408284ad,2026-03-10 13:13:22.382491
6251854519,9218621152,Dr. Elizabeth Clark,208800000X,Cardiologist,abcbf52f00f9c6ee84f9073e5aef977bdcf18fe813534d36200478f416d280de,897b6ee5-14ef-49eb-8a93-c217408284ad,2026-03-10 13:13:22.382491
6824271240,9377494412,Dr. Shaun Bishop,207Q00000X,Internal Medicine,733a8b9887894943bdb5619777ee32370d8faf2cbb6f627b286ae154b138842d,897b6ee5-14ef-49eb-8a93-c217408284ad,2026-03-10 13:13:22.382491
8142425778,9941553351,Dr. Thomas Cruz,208400000X,Endocrinology,2f44d186dd6a2af4a2d2e0ef9d44ea752e629787e80fd5e332312263c66145b9,897b6ee5-14ef-49eb-8a93-c217408284ad,2026-03-10 13:13:22.382491
3316213302,5695474894,Dr. Melissa Martinez,207R00000X,Therapist,3d9cdd591867ef6ebc712bc9dc16d9a3531d8826a1f7d843b1c8d6247c8e5a22,897b6ee5-14ef-49eb-8a93-c217408284ad,2026-03-10 13:13:22.382491
9402195340,9121575215,Dr. Cynthia Roman,208100000X,Gastroenterology,f7281c3446a175a8fc803c32f326eed709bdd5d540be7cc20adb9c61ff3a305f,897b6ee5-14ef-49eb-8a93-c217408284ad,2026-03-10 13:13:22.382491
3592436375,3690296307,Dr. Russell Wall,208700000X,Internal Medicine,61100a7df1b45c997204b9bb67d717dcada3c7c8a1c7d82c41ac8b5c25e9c7a6,897b6ee5-14ef-49eb-8a93-c217408284ad,2026-03-10 13:13:22.382491
9862256191,9431080150,Dr. Emily Nelson,207RG0100X,Pediatrics,65df7674f7573abdf8a7574ee5f4bb4ae84378c535a9e26a1347dcf247e0328d,897b6ee5-14ef-49eb-8a93-c217408284ad,2026-03-10 13:13:22.382491
6918878016,6168540795,Dr. Austin Bean,208200000X,Internal Medicine,c5282a7cb55c1fe28cd33d9fe15e9f4dbff5f655f4d66ff2986ea2035961280e,897b6ee5-14ef-49eb-8a93-c217408284ad,2026-03-10 13:13:22.382491
5862775628,8686896026,Dr. Ryan Brown,208100000X,Family Medicine,771c598fb5cde80e34240442a5106f49ab5c7d7cb5e4f22692e15d60b3ecfeb6,897b6ee5-14ef-49eb-8a93-c217408284ad,2026-03-10 13:13:22.382491
9419378289,3642173009,Dr. Crystal Taylor,207X00000X,Psychologist,b32aa8e1210b06d632c486b19c47a1ccb781d7d29fa6758c5a2aef062e6ef93d,897b6ee5-14ef-49eb-8a93-c217408284ad,2026-03-10 13:13:22.382491
8692254284,5387504604,Dr. Brad Wright,207RC0000X,Pediatrics,8919ac43460fc3fb6c27de6b77421b9b7b9f41f781d082f608948289c74f51e2,897b6ee5-14ef-49eb-8a93-c217408284ad,2026-03-10 13:13:22.382491
4618548605,5550580916,Dr. Phyllis Kennedy,207RX0202X,Family Medicine,7a27201397dfd2d6942f9db55b35dd6c013676905e513a482749a96ffc6982db,897b6ee5-14ef-49eb-8a93-c217408284ad,2026-03-10 13:13:22.382491
7129170976,9946643164,Dr. Rebekah Wilson,208500000X,Dermatology,15fb97ee902cbebf9149c22ad3f66606c858cb524578c28afa41b368fff53d30,897b6ee5-14ef-49eb-8a93-c217408284ad,2026-03-10 13:13:22.382491
5884623649,8260761357,Dr. Melanie Chen,207RG0100X,Therapist,8141f2dcc858b2d2137dd08499c2b96ff6223d55e33b89befe9c8344113dc6c7,897b6ee5-14ef-49eb-8a93-c217408284ad,2026-03-10 13:13:22.382491
343568290,7248018080,Dr. Kristina Jackson,207X00000X,Psychiatrist,716baa86cbd2b43b1c27e3be24ca19331a716ee31aa07369a507a8e358d30cc9,897b6ee5-14ef-49eb-8a93-c217408284ad,2026-03-10 13:13:22.382491
9289369344,9899589237,Dr. Danielle Grant,208800000X,Gastroenterology,823518f5dd5c165d3a577f42c125ef257a3d00a6557718e9dfbfc6689f97d99d,897b6ee5-14ef-49eb-8a93-c217408284ad,2026-03-10 13:13:22.382491
884372175,3559197990,Dr. Jordan Galloway,208200000X,Gastroenterology,ec44ccdca941ebbb163b7f2714768e7a469d23070eefd66a78549ab83fb9155e,897b6ee5-14ef-49eb-8a93-c217408284ad,2026-03-10 13:13:22.382491
222891602,6339348527,Dr. Kathryn Douglas,207RG0100X,Primary Care,06d8369f5fd769a07ec25aa023a0d81e92e4dbce82800c0713a1567c9af8497a,897b6ee5-14ef-49eb-8a93-c217408284ad,2026-03-10 13:13:22.382491
2756974600,9470487812,Dr. Amanda Stewart,208700000X,Pediatrics,ad57ab01896ef82a8f3462ac9de0e490d3acfaa966703542701915a502c8573d,897b6ee5-14ef-49eb-8a93-c217408284ad,2026-03-10 13:13:22.382491
2743450208,2686178879,Dr. Lee Pena,208700000X,Internal Medicine,1362c4d4a84b8a3df308a36e8378ed831c9d3761e8ea5757db43e8ff53f1b053,897b6ee5-14ef-49eb-8a93-c217408284ad,2026-03-10 13:13:22.382491
120908024,53622670,Dr. Natalie Watson,207RX0202X,Dermatology,e8cfc0ebe391045130f6213cef70ee5cc8fd253150e0ae4c3b3e957648a40bf6,897b6ee5-14ef-49eb-8a93-c217408284ad,2026-03-10 13:13:22.382491
4786766989,2377060393,Dr. Michael Dalton,207R00000X,Dermatology,f25c1eb9f065a8c627098c5a343e0b72593945ba363822e8766db8703a0c703a,897b6ee5-14ef-49eb-8a93-c217408284ad,2026-03-10 13:13:22.382491
4618372585,5796521728,Dr. Gary Yu,207Q00000X,Psychiatrist,6c4eaed849b8fd3d9d69339ea42725dcbf6401a1fd0ce2085ae81f5e38746626,897b6ee5-14ef-49eb-8a93-c217408284ad,2026-03-10 13:13:22.382491
8578348445,6425983842,Dr. Kimberly Newman,208100000X,Internal Medicine,ef471da3ff32807547e8b9242175c60b49e5cb086f76e023892647956d9d18c6,897b6ee5-14ef-49eb-8a93-c217408284ad,2026-03-10 13:13:22.382491
5487409483,3101275950,Dr. Jerry Blair,208400000X,Dermatology,52c1bd93210444634de7c877d38477776aad1b40fe5a7db2ebfecf033ceb2ce5,897b6ee5-14ef-49eb-8a93-c217408284ad,2026-03-10 13:13:22.382491
6967213897,286893703,Dr. Dawn Garcia,207R00000X,Psychiatrist,63514d079b030200aabaee2803e9d2c5d0c2584483c12bfaec6007dd8f1e630b,897b6ee5-14ef-49eb-8a93-c217408284ad,2026-03-10 13:13:22.382491
6300672932,6374815398,Dr. Michael Hines,207X00000X,Therapist,bf4e1b4845a3d99a93885006029d76851d960d70a765e81e02c8241421096df1,897b6ee5-14ef-49eb-8a93-c217408284ad,2026-03-10 13:13:22.382491
4234914970,2702216890,Dr. Matthew Brown,207R00000X,Gastroenterology,1eb88346b42c06a52b33d6695b7525f91b2f7afcd048b04c0f97e945de15624f,897b6ee5-14ef-49eb-8a93-c217408284ad,2026-03-10 13:13:22.382491
332304109,9417147104,Dr. Cory Weber,208400000X,Internal Medicine,d27b99324ae02a28955a98ca08ce84b047be58e1dd5d0ff8eb24f2b397790c12,897b6ee5-14ef-49eb-8a93-c217408284ad,2026-03-10 13:13:22.382491
8415313029,1837545748,Dr. Brent Lee,207X00000X,Gastroenterology,2ebef1d45e682f4fece9fd50eb8c112d976269dd55d239b9c524b7075d57a37b,897b6ee5-14ef-49eb-8a93-c217408284ad,2026-03-10 13:13:22.382491
1602818948,6433185649,Dr. Grant Navarro,207RC0000X,Cardiologist,bfb522bcb3642951dee5c91796ad26ec677eabcd0d847429431cbb0574aa8b3c,897b6ee5-14ef-49eb-8a93-c217408284ad,2026-03-10 13:13:22.382491
503554979,565663214,Dr. Jason Sparks,208200000X,Psychiatrist,de9f872723ba79b6a02c491bc569015fd37dc458e06df2438b307f5807ab7644,897b6ee5-14ef-49eb-8a93-c217408284ad,2026-03-10 13:13:22.382491
4115154066,4751153425,Dr. Tiffany Martinez,208100000X,Therapist,066bdf339c0003c214f7eaa6e7c853efc45dfd02f2e98a0925f38e745441b60c,897b6ee5-14ef-49eb-8a93-c217408284ad,2026-03-10 13:13:22.382491
8451791334,3765308844,Dr. James Hughes,207RC0000X,Cardiologist,5000efce5c6664c45650bb668a2d3c0f3ed52ef5d2e651492ce4e8ae4ce37d3c,897b6ee5-14ef-49eb-8a93-c217408284ad,2026-03-10 13:13:22.382491
9777669258,5824658411,Dr. David Hooper,207P00000X,Primary Care,b32659e0430b86ac97f4142e4710f5fd18ed81aef25e8d05d133bdcdf4f056dc,897b6ee5-14ef-49eb-8a93-c217408284ad,2026-03-10 13:13:22.382491
663239731,2349057523,Dr. Amanda Brown,207R00000X,Psychiatrist,c5518b10c4d33d0d5a9a9ab31b15fd47b5f066f27f1a131d1f974de1fa9eb1ec,897b6ee5-14ef-49eb-8a93-c217408284ad,2026-03-10 13:13:22.382491
1292686431,2916785202,Dr. Angela Matthews,207X00000X,Pediatrics,fcde519aaa2024fcdbd551bf979e4b574bb79cc6dbeafd9d5947c3db2832e0e0,897b6ee5-14ef-49eb-8a93-c217408284ad,2026-03-10 13:13:22.382491
5794805158,126829058,Dr. Allison Hunt,208300000X,Psychologist,6cf0ef460284e302e2a6b53cb89762c58675af2ab6141513352d5a2dbb7a214d,897b6ee5-14ef-49eb-8a93-c217408284ad,2026-03-10 13:13:22.382491
8997101001,2822150809,Dr. Michael Reynolds,207X00000X,Dermatology,d169e7b81461e1dce0241a94341c3f9839ec14254f392072dc2e4cc76e57e3f1,897b6ee5-14ef-49eb-8a93-c217408284ad,2026-03-10 13:13:22.382491
3493951015,9608450210,Dr. Aaron Swanson,207P00000X,Family Medicine,df32e913af17bf86dbb3f8a8ded71094e84472fd7244f04ee6ce6eb98d64696c,897b6ee5-14ef-49eb-8a93-c217408284ad,2026-03-10 13:13:22.382491
3146361834,8717811129,Dr. Megan Jones,208000000X,Psychiatrist,0e53952cd8f332a635813ea317b581c78044c9f1fb545df6dafe01b4b1258793,897b6ee5-14ef-49eb-8a93-c217408284ad,2026-03-10 13:13:22.382491
7132323806,8849085645,Dr. Steven Hernandez,208500000X,Gastroenterology,ad0537d69850561d0bfe948f1d60cceea61362f19aaec383cbac8decf313e8bc,897b6ee5-14ef-49eb-8a93-c217408284ad,2026-03-10 13:13:22.382491
3922954041,7780574611,Dr. Sherry Roberts,208300000X,Cardiologist,88563ca5bbaa04bb2467c2ac12e65ff01d3fd2865a92d104d4683fa38981e89a,897b6ee5-14ef-49eb-8a93-c217408284ad,2026-03-10 13:13:22.382491
4588705865,2294949660,Dr. Scott Terry,208500000X,Psychiatrist,ed0299ae1fbeabfa6b7c4654d79a95016861df2b43ee1dadce789a64fab79a5b,897b6ee5-14ef-49eb-8a93-c217408284ad,2026-03-10 13:13:22.382491
5874503476,3695772278,Dr. Anthony Vaughn,208300000X,Family Medicine,e32e73dcc013265aca34bb04260c7d6d4dc0f8b06fbe23af5fdf6576d2e070db,897b6ee5-14ef-49eb-8a93-c217408284ad,2026-03-10 13:13:22.382491
1260366569,6210484404,Dr. Erik Woods,208800000X,Psychiatrist,8a70808c48e940b86d4724d43edeee3c7e92177c7fd385b985fc32946ab33f7a,897b6ee5-14ef-49eb-8a93-c217408284ad,2026-03-10 13:13:22.382491
8001045470,7954593313,Dr. Kimberly Barrett,207X00000X,Gastroenterology,707257c63deeaba0c89dbf78c04bfc56c5a1e5d9b9e5bbca07e3823d511bb444,897b6ee5-14ef-49eb-8a93-c217408284ad,2026-03-10 13:13:22.382491
2565523620,5760589364,Dr. Andre Summers,208500000X,Psychiatrist,8aa52f85b0b4755f3f29558bdec5ef99b0e3c7946981367b931af0833ec198f6,897b6ee5-14ef-49eb-8a93-c217408284ad,2026-03-10 13:13:22.382491
5400210017,4215004373,Dr. Jeanette Martin,207RX0202X,Psychologist,196ef4114871bfd626bd75ca240714a93b7b935521d90b68dbb959f46de1a8a0,897b6ee5-14ef-49eb-8a93-c217408284ad,2026-03-10 13:13:22.382491
6647311593,8977935584,Dr. Tina Mccormick,208400000X,Primary Care,44fd689cb4c920bbb42e4211d38d6a706cabae0436079397cee646eb7464814b,897b6ee5-14ef-49eb-8a93-c217408284ad,2026-03-10 13:13:22.382491
2622838227,6429390406,Dr. Billy Austin,207Q00000X,Internal Medicine,9b475535dd88b74b7f41dc50560d2ee475009d5492bcfeb24f3593a3760ab9e1,897b6ee5-14ef-49eb-8a93-c217408284ad,2026-03-10 13:13:22.382491
6049580721,4070735095,Dr. Donna Adams,207RX0202X,Endocrinology,9e2dc605f6b2f8191545c8f98293f2df9d91b54dd6c24d3a59b3a49adaf6533a,897b6ee5-14ef-49eb-8a93-c217408284ad,2026-03-10 13:13:22.382491
6695910088,9719914398,Dr. Allen Curtis,208300000X,Gastroenterology,682df28687e1c5f63ed988c881d057d692b46b7afbb8424d732427a7945448e9,897b6ee5-14ef-49eb-8a93-c217408284ad,2026-03-10 13:13:22.382491
8236042965,3386109196,Dr. Pamela Harrison,208300000X,Family Medicine,bc28ab6d21cbe0482e4d75b1a307f45942942f64c27d4e42ae30f1945faa9c34,897b6ee5-14ef-49eb-8a93-c217408284ad,2026-03-10 13:13:22.382491
4152154642,997001110,Dr. Christopher Mason,207RX0202X,Psychiatrist,236b00f9c804b2289aebfc733f3a36382edb27a9e57177f9cf428eafdc5d361c,897b6ee5-14ef-49eb-8a93-c217408284ad,2026-03-10 13:13:22.382491
9279301580,2843713130,Dr. Jeffrey Harris,208700000X,Therapist,ed527ac3be46858548bc89a37c923a6ecdb10121d65340be659e128681533a4e,897b6ee5-14ef-49eb-8a93-c217408284ad,2026-03-10 13:13:22.382491
2861407719,2914007993,Dr. Karina Jones,207Q00000X,Primary Care,0c30ab9cbc14b69cd3308e8c889f1a63355b7654a9ce66d1cf54509229e510f8,897b6ee5-14ef-49eb-8a93-c217408284ad,2026-03-10 13:13:22.382491
7227008898,5325849355,Dr. Shelby Price,207Q00000X,Internal Medicine,a9f65842151b00c2b55aa7c19b556dfcfa5f9ff10a9bb2233b7bacd1536203b3,897b6ee5-14ef-49eb-8a93-c217408284ad,2026-03-10 13:13:22.382491
7802137766,5545866238,Dr. Brenda Rios,208600000X,Family Medicine,da68af12c48192bd8209adcbefdf75e235f99c36ff517779f4bfae5e7f689f0d,897b6ee5-14ef-49eb-8a93-c217408284ad,2026-03-10 13:13:22.382491
479647527,5185777650,Dr. Thomas Donovan,207Q00000X,Psychiatrist,0349b73f16b603a79c10dc08c2c63972c8ed40fc3ec16aea46d913167e51306f,897b6ee5-14ef-49eb-8a93-c217408284ad,2026-03-10 13:13:22.382491
2784707354,1188138792,Dr. Ernest King,208200000X,Gastroenterology,8ee96161001eca690393e630aceb8aa494ea51b68bc124fd4a39ac1c95497ff1,897b6ee5-14ef-49eb-8a93-c217408284ad,2026-03-10 13:13:22.382491
5235943958,6729912469,Dr. Gina Dominguez,207Q00000X,Family Medicine,a1214910c8f38a31178535442849e37bcd4b6caa8f175d4f923f3ecf935352ce,897b6ee5-14ef-49eb-8a93-c217408284ad,2026-03-10 13:13:22.382491
9834593767,219620990,Dr. Dana Kelly,207RG0100X,Pediatrics,b2e1e70890afbe6bb2c4ce7a15035913879f6ccf5fe487496b269b193347f1ec,897b6ee5-14ef-49eb-8a93-c217408284ad,2026-03-10 13:13:22.382491
2501219732,2874137498,Dr. Daniel Park,207RG0100X,Internal Medicine,9aed4b4d09260bc9775c02e3e7ba78c9fab99e54114f0215d2d1edb901e68e95,897b6ee5-14ef-49eb-8a93-c217408284ad,2026-03-10 13:13:22.382491
7176926268,5086187911,Dr. Melissa Howell,208300000X,Psychologist,95782d7baa2d0b183df6875cb2b13cf85f32bb63903be18be33d7d98d5d2df9a,897b6ee5-14ef-49eb-8a93-c217408284ad,2026-03-10 13:13:22.382491
6223628969,581816327,Dr. Robert Lawson,207RC0000X,Family Medicine,e154808b311d290786e75ebdd56040aad857d544d194ac59114235e1535cd8f6,897b6ee5-14ef-49eb-8a93-c217408284ad,2026-03-10 13:13:22.382491
7178318406,7917244029,Dr. Michael Garza,208700000X,Family Medicine,9d94c81d98ce98c2206cf7c4b4019a6ddc30b5eed37ae435635fc21557a0537d,897b6ee5-14ef-49eb-8a93-c217408284ad,2026-03-10 13:13:22.382491
4554329874,4038121255,Dr. Lisa Proctor,208800000X,Primary Care,bea8b0fb0a78a1bfc2984727037ac5d1ce38b533b843a72cfdf3532569cbefe9,897b6ee5-14ef-49eb-8a93-c217408284ad,2026-03-10 13:13:22.382491
1980393388,3884901813,Dr. Scott Miller,208400000X,Family Medicine,413b0d54fed19c33cdcd038e7038aa8364e0d626aee4f896a2541f169d408eb2,897b6ee5-14ef-49eb-8a93-c217408284ad,2026-03-10 13:13:22.382491
1581651217,5576807757,Dr. Andrew Hardy,208000000X,Cardiologist,b13dc804853677c38557b1ab2d984d202201a7dc5cba64f2d788340dca3a7543,897b6ee5-14ef-49eb-8a93-c217408284ad,2026-03-10 13:13:22.382491
2626103528,2423829519,Dr. Julie Blair,208300000X,Pediatrics,fe5198514d6f4eb525e2aa06e7c4dbd71ced3acbdea30582dc1d3bb82ea3d269,897b6ee5-14ef-49eb-8a93-c217408284ad,2026-03-10 13:13:22.382491
6794261627,8040651560,Dr. James Powell,208800000X,Cardiologist,850aca10c81ac9fc4f85c0cd5c1e5048fe6349987e9696d99c4386a1fb6d0ca3,897b6ee5-14ef-49eb-8a93-c217408284ad,2026-03-10 13:13:22.382491
6519981868,6336767360,Dr. Courtney Massey,208500000X,Endocrinology,7ae601dee90c91ac264d5aa7de359a720c6b680a304ef20dd69ab344f4f001ec,897b6ee5-14ef-49eb-8a93-c217408284ad,2026-03-10 13:13:22.382491
5512458848,8522938205,Dr. Megan Perez,208600000X,Gastroenterology,348e22a383c27783720d2913b80ae5b1f20edab3aee69f816e6be0403279ae75,897b6ee5-14ef-49eb-8a93-c217408284ad,2026-03-10 13:13:22.382491
17541767,8891976812,Dr. Theresa Caldwell,208200000X,Family Medicine,743797d2ca5f88087086ff54756a9e41be0d3af1ff8d8daf69cd5d6622cefb8b,897b6ee5-14ef-49eb-8a93-c217408284ad,2026-03-10 13:13:22.382491
7805969988,5832419408,Dr. Andrew Holt,208200000X,Dermatology,adef704ce6503068cc870e5a586a7921cc3b03002663845399d122e698ed806e,897b6ee5-14ef-49eb-8a93-c217408284ad,2026-03-10 13:13:22.382491
6688594894,4505505,Dr. Kristin Turner,208500000X,Therapist,e2d98cefdc595937e47222bbadf3bf2a566e78ea2fd4fd8124814586c675d638,897b6ee5-14ef-49eb-8a93-c217408284ad,2026-03-10 13:13:22.382491
9632653985,6816783567,Dr. Christopher Morales,207RG0100X,Internal Medicine,fada365817388bd7b7df105ee831bf0c2e0f10072586ab8d078ef6a950e21582,897b6ee5-14ef-49eb-8a93-c217408284ad,2026-03-10 13:13:22.382491
5741522598,2849515544,Dr. Sheila Graham,208800000X,Pediatrics,bf4cb22e46187cd6381c7f8cebc5733c63664f4f45d4a4cf15a9f49b669c28e9,897b6ee5-14ef-49eb-8a93-c217408284ad,2026-03-10 13:13:22.382491
9466016192,3714084174,Dr. James Ball,208700000X,Psychologist,c9e57716814f9766a72264c8fc195c5a70243b06e4450ec4e644e19597d89da0,897b6ee5-14ef-49eb-8a93-c217408284ad,2026-03-10 13:13:22.382491
7437986595,8128342387,Dr. Stephen Walker,208200000X,Endocrinology,d64bf4bb2694795838637608df12deb9bb0c3c53a1e436be230d9c0ec1f05642,897b6ee5-14ef-49eb-8a93-c217408284ad,2026-03-10 13:13:22.382491
4480523,1117473252,Dr. Kevin Flores,208100000X,Internal Medicine,d1e0f7eb57c2db614dc0868bd767391f76dccc8220a2012733dc18c34e83ef58,897b6ee5-14ef-49eb-8a93-c217408284ad,2026-03-10 13:13:22.382491
5412779021,9784944621,Dr. Brett Green,207RC0000X,Internal Medicine,13f3ff8d06c9fb028bb5df64a29f173971676e85b17fb2280189a247a4d7d58b,897b6ee5-14ef-49eb-8a93-c217408284ad,2026-03-10 13:13:22.382491
2072154190,1585254923,Dr. Richard Wiley,207RG0100X,Pediatrics,58f73721c7e739225744f677aa412e078cc95f55532239da9ef6ca14ada9eb12,897b6ee5-14ef-49eb-8a93-c217408284ad,2026-03-10 13:13:22.382491
9489403320,3209637722,Dr. John Thompson,207RX0202X,Therapist,54422334f6881f656656eaac2d307ff95af11ff560da3e44fd5be7823f34fc5f,897b6ee5-14ef-49eb-8a93-c217408284ad,2026-03-10 13:13:22.382491
1000656033,8017769439,Dr. Kathleen Holloway,208000000X,Cardiologist,a44432e4a1230fcacc4fbf44db1e0de16a150085e8fdb1e81d47904752d48227,897b6ee5-14ef-49eb-8a93-c217408284ad,2026-03-10 13:13:22.382491
7062800130,4086196657,Dr. Carol Sanchez,207Q00000X,Internal Medicine,7985b506b7ca07938e223abcecb4f7487ddba68af176a5348455d7d2d34e6996,897b6ee5-14ef-49eb-8a93-c217408284ad,2026-03-10 13:13:22.382491
2165633466,5961247516,Dr. Meredith Rivera,207RG0100X,Family Medicine,7acdffb3d0be73466208f48186ad207f78d3b713db064903c9f4c79ab4d12bd2,897b6ee5-14ef-49eb-8a93-c217408284ad,2026-03-10 13:13:22.382491
2319009014,5706122851,Dr. Christopher Reynolds,207RC0000X,Psychologist,f2fbc03b4c4d57f5970fd23dc1afb1e8f25d758074b78f3d2405fdc39679f7f8,897b6ee5-14ef-49eb-8a93-c217408284ad,2026-03-10 13:13:22.382491
4769977505,3544241315,Dr. Jonathan Hansen,207RG0100X,Therapist,06ae1c66124114681d14fc8cf12c6435c43873d72b08bb0b998cd04563e555d6,897b6ee5-14ef-49eb-8a93-c217408284ad,2026-03-10 13:13:22.382491
7097453242,8580543352,Dr. Katherine Johnson,207RX0202X,Dermatology,e1a495bd351167d182f4eda1fab9f634de2843249e74f88e6f8d430df22cdff8,897b6ee5-14ef-49eb-8a93-c217408284ad,2026-03-10 13:13:22.382491
1006167449,4262069716,Dr. Nicholas Campbell,207Q00000X,Dermatology,d8eb80dd6c09188027b5ddff11bf9b1dcd71a43fcad0717f68f62d242b29cf4b,897b6ee5-14ef-49eb-8a93-c217408284ad,2026-03-10 13:13:22.382491
5227146467,3385631155,Dr. Aaron Valentine,208700000X,Gastroenterology,6325b40ac4751021bd6da6a497403b5c2947e0939297e446ae2a5bf59c3ffb00,897b6ee5-14ef-49eb-8a93-c217408284ad,2026-03-10 13:13:22.382491
3281364396,1307205555,Dr. Helen Mitchell,207RG0100X,Psychologist,db510195ed371353e57d486b9f5005bcc6d7b5f54734491948e1257f3b2840ae,897b6ee5-14ef-49eb-8a93-c217408284ad,2026-03-10 13:13:22.382491
1764386876,8286735,Dr. Kayla Hudson,208000000X,Family Medicine,6fe594bef955ef0dfa8f17a517396e1af50032c0c98fd27c28147b36ea289761,897b6ee5-14ef-49eb-8a93-c217408284ad,2026-03-10 13:13:22.382491
1974742786,163622769,Dr. Hannah Kerr,208600000X,Dermatology,abf1d14aca77edda5bdeb6b04dd0332a0e890f57c1e09e528656f7ff805d7e02,897b6ee5-14ef-49eb-8a93-c217408284ad,2026-03-10 13:13:22.382491
3722838213,1251591099,Dr. Crystal Andrews,207R00000X,Dermatology,debe1ef755b6dc0f51e6673055724af38edc0bd806585088c5bfae165fd106e4,897b6ee5-14ef-49eb-8a93-c217408284ad,2026-03-10 13:13:22.382491
2766445423,7137248060,Dr. Kelly Johnson,207P00000X,Psychiatrist,ffcb670c4a783483c5c8790451c6a15df80d036e8526f202006e450dd5cef938,897b6ee5-14ef-49eb-8a93-c217408284ad,2026-03-10 13:13:22.382491
4604502433,6456240659,Dr. Michelle Oliver,207X00000X,Dermatology,3ba15a63e8c03cabbf6d307c625e6648efd45e3c91309293cf40fa39e0cf63d5,897b6ee5-14ef-49eb-8a93-c217408284ad,2026-03-10 13:13:22.382491
2701529326,6145328555,Dr. Steven Barrera,208400000X,Gastroenterology,d4c6babff80acd7ef8339748a024140a53e1135cf0acd8ea162359ec39e70da6,897b6ee5-14ef-49eb-8a93-c217408284ad,2026-03-10 13:13:22.382491
3723607196,105583029,Dr. Timothy Scott,208300000X,Psychologist,15d01eb339b2805cf461e89365c8b59e11e3f95de893bba2ddd33c5e949cfe05,897b6ee5-14ef-49eb-8a93-c217408284ad,2026-03-10 13:13:22.382491
3680926642,879431149,Dr. William Briggs,208800000X,Cardiologist,89177dbbce9a37227dfefa4114b36e047d05fb1b3ccc4a7241e374652a195286,897b6ee5-14ef-49eb-8a93-c217408284ad,2026-03-10 13:13:22.382491
6964087158,5947556407,Dr. Heather Carson,207RG0100X,Family Medicine,22f36700e8c1a5b6045f966122a760ecd18c2284be2d97bee0fad3b1476577e1,897b6ee5-14ef-49eb-8a93-c217408284ad,2026-03-10 13:13:22.382491
7872630479,9429321826,Dr. Anthony Jones,208800000X,Psychologist,b3f7935a69479b50bc47792dc9d29dc0d9b729fbfc935fc3c8231e4791735c3a,897b6ee5-14ef-49eb-8a93-c217408284ad,2026-03-10 13:13:22.382491
9872767886,5041304510,Dr. Nathan Clark,208400000X,Endocrinology,8b774246583db60f159f352336d38c9482c5ae5c2fa75b6adbf5b535982cb61e,897b6ee5-14ef-49eb-8a93-c217408284ad,2026-03-10 13:13:22.382491
147308166,6787680777,Dr. Pamela Meyer,207RX0202X,Internal Medicine,ca214011aa4b2c1547dc2728cb0f0af70eab01e9e0e93a82f63bed729667308c,897b6ee5-14ef-49eb-8a93-c217408284ad,2026-03-10 13:13:22.382491
7711931208,8779053256,Dr. Zachary Harper,208700000X,Cardiologist,937fd69d90ddb0a40e257f7b6fb91b57e2b210ad4a0bf647788f887ce0ef3ef8,897b6ee5-14ef-49eb-8a93-c217408284ad,2026-03-10 13:13:22.382491
7777630422,1672485687,Dr. Katie Moore,208100000X,Pediatrics,7d9f58ae602d195a73f0ae8425601f03ceeac08bb1c2d4e6d1b1a5f0e8d21900,897b6ee5-14ef-49eb-8a93-c217408284ad,2026-03-10 13:13:22.382491
3156478432,2667913904,Dr. Cassandra Mcdonald,207X00000X,Cardiologist,0d206793ffe0fc56a40f6dd439767a44ea62c2ad12706d6d6cf6192914a316e7,897b6ee5-14ef-49eb-8a93-c217408284ad,2026-03-10 13:13:22.382491
3376374431,5241723143,Dr. Michelle Cortez,208200000X,Cardiologist,a19b36f6aa90d80da36eb96c69f04d8c0d75c75b1a8efb3209130f0ba3543cb7,897b6ee5-14ef-49eb-8a93-c217408284ad,2026-03-10 13:13:22.382491
4878785253,3632014006,Dr. Troy Becker,207Q00000X,Primary Care,16eba2837ac18db5877c8671836d217921ac48ac4f4ab1fa8878bcd1c8fe953b,897b6ee5-14ef-49eb-8a93-c217408284ad,2026-03-10 13:13:22.382491
8634661240,803407878,Dr. Morgan Robinson,207P00000X,Cardiologist,2480ae378fafb41d7c54b854c33bb439a9f3648070c98f28caf70b245db1a4bc,897b6ee5-14ef-49eb-8a93-c217408284ad,2026-03-10 13:13:22.382491
5352141428,7899698518,Dr. Stacy Olson,208600000X,Family Medicine,17096437c530ef0bb69274aff2906f3a00727d460cfa4ca7cf6e56baad085380,897b6ee5-14ef-49eb-8a93-c217408284ad,2026-03-10 13:13:22.382491
569856383,4451876317,Dr. Philip Carter,208100000X,Primary Care,4fef3147fa94b2cb80217d978fe9f5229bbe56d3e7eb645b45c12ae57ddd7537,897b6ee5-14ef-49eb-8a93-c217408284ad,2026-03-10 13:13:22.382491
6649341679,3043958236,Dr. Tyler Rowland,207RC0000X,Therapist,f945d5824104a3b10774d3398170844aaf617fa42f7bef07f752cff14a6419c9,897b6ee5-14ef-49eb-8a93-c217408284ad,2026-03-10 13:13:22.382491
5298615527,2003369547,Dr. Connor Anderson,208800000X,Psychologist,c41c56aca422cd25895388fe207843f1f33709a83cb883a8855e02d484cd7294,897b6ee5-14ef-49eb-8a93-c217408284ad,2026-03-10 13:13:22.382491
9393391912,1595606731,Dr. Richard Glenn,208100000X,Internal Medicine,f5ead47d4f4590bf6abc979e7c301e43f81fac1087c64ef7fc8e07129f3f4858,897b6ee5-14ef-49eb-8a93-c217408284ad,2026-03-10 13:13:22.382491
5754384964,8156154010,Dr. Ryan Martinez,208100000X,Family Medicine,99baa9c0fff23bec5101b90cea232103d1469b3c1cc7141693ba61f890eefbd4,897b6ee5-14ef-49eb-8a93-c217408284ad,2026-03-10 13:13:22.382491
1793853483,7028237856,Dr. Robert Donovan,208500000X,Pediatrics,838e175d37fb6e1e66c962d36afa1ba08cfc283360e618fbba66913219d371fc,897b6ee5-14ef-49eb-8a93-c217408284ad,2026-03-10 13:13:22.382491
4945078673,9887042010,Dr. Rachel Nash,208800000X,Cardiologist,07137deb745ddb36914f0b4e1f55d41b70461b225dbc1fa7dbd01adb15bda399,897b6ee5-14ef-49eb-8a93-c217408284ad,2026-03-10 13:13:22.382491
3983921974,9000243349,Dr. Jasmine Alvarado,207R00000X,Family Medicine,9438e1d5eb8dae0b879d16aae8a8c8a3401ead48d7f5c32290bcc4dc67af217a,897b6ee5-14ef-49eb-8a93-c217408284ad,2026-03-10 13:13:22.382491
693750145,7852637063,Dr. Gerald Evans,207RG0100X,Cardiologist,50fc8758e286b6a83e261fa997d383803a643f14f817e5da5c0c36f94c9658f5,897b6ee5-14ef-49eb-8a93-c217408284ad,2026-03-10 13:13:22.382491
6626524798,7873054688,Dr. Phillip Pugh,208000000X,Psychologist,0ecdd00b873201dc0e50f4ae259743ae2b95256793ba8e1fd20dc2ceac8e1223,897b6ee5-14ef-49eb-8a93-c217408284ad,2026-03-10 13:13:22.382491
5068227759,9312408912,Dr. Eric Melendez,207Q00000X,Internal Medicine,486603f0bbedaa6f9185f5c3ef49decbaa6720a807de4f4081cd0caece5d6beb,897b6ee5-14ef-49eb-8a93-c217408284ad,2026-03-10 13:13:22.382491
9038510310,2957335397,Dr. Diana Parker,208400000X,Endocrinology,5b183b5c5bec43b996c93812e3a84725d958d79ea951673926efc417e0f71d93,897b6ee5-14ef-49eb-8a93-c217408284ad,2026-03-10 13:13:22.382491
737000292,2596423940,Dr. Kimberly Rice,208800000X,Dermatology,8ae640d5dfc45dba75824664e4b853591bf9b5ce913ae2c6f97b031d4d26a063,897b6ee5-14ef-49eb-8a93-c217408284ad,2026-03-10 13:13:22.382491
5464622000,7152168996,Dr. Mrs. Tammy Moore,207RG0100X,Primary Care,eb9672a251cfc1d2fa272534b3cbf7a4a129e9b5da83ecea4639176b0474cc62,897b6ee5-14ef-49eb-8a93-c217408284ad,2026-03-10 13:13:22.382491
9619118056,8573782950,Dr. Rose Davis,208400000X,Family Medicine,a5e18a1781777346c42f3a83adf4e8b8fde5cf5d6f10d5817e10d200dee64e58,897b6ee5-14ef-49eb-8a93-c217408284ad,2026-03-10 13:13:22.382491
271761884,1372351600,Dr. Brittany Frazier,207Q00000X,Psychologist,0dfc082a6a1b5aefe4360c2566640a8d3627f3801b799d2114f0d1028748d0ca,897b6ee5-14ef-49eb-8a93-c217408284ad,2026-03-10 13:13:22.382491
9114500578,5008683888,Dr. Frank Whitehead,207RC0000X,Gastroenterology,a9d4799be422cd575f189c23080cd0f41a09cd74bb2b48224a9bdcc528060696,897b6ee5-14ef-49eb-8a93-c217408284ad,2026-03-10 13:13:22.382491
3436149302,1127367860,Dr. Anthony Young,208800000X,Psychiatrist,0785c9da5ab06132d49d07f44269ba27acf7dcb23876608736098428a0fd7859,897b6ee5-14ef-49eb-8a93-c217408284ad,2026-03-10 13:13:22.382491
9322666600,4328456287,Dr. Cynthia Jordan,207RC0000X,Psychiatrist,bc46ec7391636cff788983e97a041515a6ac6549be4ea70969bf36af5745e659,897b6ee5-14ef-49eb-8a93-c217408284ad,2026-03-10 13:13:22.382491
729554675,2381534932,Dr. Rhonda Hamilton,207P00000X,Gastroenterology,0361337e6c21fc17699ca61a12813bc675b3523dfc54455c65c289171d86261c,897b6ee5-14ef-49eb-8a93-c217408284ad,2026-03-10 13:13:22.382491
916392364,4971865712,Dr. Austin Mclaughlin,207X00000X,Family Medicine,53e7383f6a9e1b720c4fa1ff72a08ef5d56df3d2a97c114c3695eacf72bfc046,897b6ee5-14ef-49eb-8a93-c217408284ad,2026-03-10 13:13:22.382491
8906928222,1480315295,Dr. Yesenia Jennings,208200000X,Psychiatrist,cb010d0d9022e36b6ad9fd2926628affcfe49eb664d11b4f27c16c54d3957909,897b6ee5-14ef-49eb-8a93-c217408284ad,2026-03-10 13:13:22.382491
4241205323,6795329661,Dr. Travis Taylor,208800000X,Therapist,2451e6c36556353fb0d8ebbd9d05c93a372ab1e60742879023e0276c86e97fc0,897b6ee5-14ef-49eb-8a93-c217408284ad,2026-03-10 13:13:22.382491
2711840340,5969674402,Dr. Rachel Johnson,208300000X,Psychiatrist,dcb1e8282b89a60394285052e9cc7245ebc0068f1bf7c1ddc321a5a122dfa761,897b6ee5-14ef-49eb-8a93-c217408284ad,2026-03-10 13:13:22.382491
668838655,5759053021,Dr. Donna Morris,207RX0202X,Therapist,aefb7089be8ff5099147b592fa1f785fa6655729ecd800da82beed2c375b4b2f,897b6ee5-14ef-49eb-8a93-c217408284ad,2026-03-10 13:13:22.382491
3583721397,579128862,Dr. Wanda Leon MD,207X00000X,Therapist,7886acb6af946d01b58ad48b760119ce3265a03da15a7f90dca17181a21c01c4,897b6ee5-14ef-49eb-8a93-c217408284ad,2026-03-10 13:13:22.382491
1560854339,9602693283,Dr. Randy Pearson,208800000X,Therapist,845cb0861d6e5ac603e04fcef378be8e02075be2d5d0843ba5402de852053767,897b6ee5-14ef-49eb-8a93-c217408284ad,2026-03-10 13:13:22.382491
5312548634,2602720111,Dr. Tanner Erickson,207RG0100X,Therapist,9e9efd87ec821f275bc20954bd496b4158028d3ee1f0d858aa4fdea1c45342f7,897b6ee5-14ef-49eb-8a93-c217408284ad,2026-03-10 13:13:22.382491
5809681063,6552155446,Dr. Michael Miller,208300000X,Primary Care,fee5a177394fdcee977cb9047d51bf8584a2187d5df84e7bcf89b653095fb932,897b6ee5-14ef-49eb-8a93-c217408284ad,2026-03-10 13:13:22.382491
2439565200,209134406,Dr. John Frazier,208800000X,Cardiologist,96d274d252dddadde0e59c34e501f724dcb62b3ea1ec198289343a500bf23e4a,897b6ee5-14ef-49eb-8a93-c217408284ad,2026-03-10 13:13:22.382491
5867649062,7781013548,Dr. David Butler,208300000X,Gastroenterology,ec9fe7422796f7e34217ee85927f6883d22eb55bec06173c39bad18053234d29,897b6ee5-14ef-49eb-8a93-c217408284ad,2026-03-10 13:13:22.382491
937947245,3325328469,Dr. Stephanie Hunt,207Q00000X,Gastroenterology,0c51adf37bafc8d2dd01f98c57baec9dfea5fe83fd6800aff9166c8b4440df59,897b6ee5-14ef-49eb-8a93-c217408284ad,2026-03-10 13:13:22.382491
6599333723,5200843872,Dr. Eric Walsh,208100000X,Psychiatrist,4924ac7d2b8c0b0f1ac6ec2273ccc1548f2742df0d6c2d2b9ea3b3793b1f9663,897b6ee5-14ef-49eb-8a93-c217408284ad,2026-03-10 13:13:22.382491
7778199417,8497612039,Dr. Barbara Frye,207Q00000X,Endocrinology,480871502d44a8139005a73799e8a6f0d6e8c62880387756127423f170b11cbe,897b6ee5-14ef-49eb-8a93-c217408284ad,2026-03-10 13:13:22.382491
9631013329,7186275499,Dr. Michael Thompson,207X00000X,Therapist,bec5a94ae6ea8f798fe913cb40e9d72bc25a7b1949651921d9d74289c6c9625f,897b6ee5-14ef-49eb-8a93-c217408284ad,2026-03-10 13:13:22.382491
3342559542,8472223764,Dr. Mr. James Gibson,208200000X,Therapist,00dd113ac1c5a58d4423275cf4c923709c0ebc15ed69e3396af597459f9d4c93,897b6ee5-14ef-49eb-8a93-c217408284ad,2026-03-10 13:13:22.382491
3815875402,8349206893,Dr. Robert Rice,208100000X,Primary Care,95118e4da37e1ef50d000942fb9ee0e0778d12bd8eb0f033be9ed135fed814c1,897b6ee5-14ef-49eb-8a93-c217408284ad,2026-03-10 13:13:22.382491
3377386926,4586830961,Dr. Lisa Gutierrez,208700000X,Gastroenterology,81dee0b4af5bee3ff2d38fc8d3be238001a29db5749db26851400394d2cb7150,897b6ee5-14ef-49eb-8a93-c217408284ad,2026-03-10 13:13:22.382491
9872043488,852128170,Dr. Garrett Thomas,208600000X,Primary Care,9195a116d7f1baf418250f0fb77d4ccb900b6fea1445fce8537d05bc69285dfe,897b6ee5-14ef-49eb-8a93-c217408284ad,2026-03-10 13:13:22.382491
6280288750,4733946924,Dr. Krystal Robertson,207RG0100X,Endocrinology,f64596bec82bbee96542a6cb1e4f6d178d853c5fc0360fcc7bd19599a2245a1d,897b6ee5-14ef-49eb-8a93-c217408284ad,2026-03-10 13:13:22.382491
9933882045,5192042875,Dr. Sarah Waters,207P00000X,Cardiologist,44b61a504ee332e2877968fc1423faee1e2e23ccfd4c2cf014c2d75d22a5bd36,897b6ee5-14ef-49eb-8a93-c217408284ad,2026-03-10 13:13:22.382491
299466661,2344257295,Dr. Jack Anderson,207RG0100X,Psychologist,099261fddfa02d0579d8495f0c0aadc75e1dad169cccdde1d9b43196b8a90425,897b6ee5-14ef-49eb-8a93-c217408284ad,2026-03-10 13:13:22.382491
2562196730,9172314608,Dr. Denise Mclean,208000000X,Gastroenterology,4b6f2e2f2e813775d3503f4df8287edc7cfecbd46478a661b8b15d157aa448ca,897b6ee5-14ef-49eb-8a93-c217408284ad,2026-03-10 13:13:22.382491
9840933298,7111087920,Dr. Dillon Shaw,207X00000X,Internal Medicine,6d0530d3adf08c1339dfa2a4e90c9f96861d368ae4ce9cbd5d10d3a8adf24cab,897b6ee5-14ef-49eb-8a93-c217408284ad,2026-03-10 13:13:22.382491
6883241911,7847497448,Dr. Chelsea Miller,208300000X,Endocrinology,be5f0e6d7ddae3b1c4300848678929721980feaa2264d2b26f0bcffe12fbeca0,897b6ee5-14ef-49eb-8a93-c217408284ad,2026-03-10 13:13:22.382491
280240800,9629080492,Dr. Anthony Wilson,207Q00000X,Pediatrics,4e80b952878df6c0e231a3814a4db5f3dce5d1c94be75e3f292b912662a0b6d3,897b6ee5-14ef-49eb-8a93-c217408284ad,2026-03-10 13:13:22.382491
4925243530,6076380548,Dr. Andre Mclaughlin,207RX0202X,Internal Medicine,c1b3e71be8add7bb6526ad86a8b9c57583c154beb39e5f91fc950a9ae691a6e9,897b6ee5-14ef-49eb-8a93-c217408284ad,2026-03-10 13:13:22.382491
7302167342,8590021158,Dr. Karen Joseph,208800000X,Therapist,aa1eeed9a1b77947f01d9cf31d17dbe95580d5ba602f83d7e50ca6e219ba3beb,897b6ee5-14ef-49eb-8a93-c217408284ad,2026-03-10 13:13:22.382491
6340706681,1695032278,Dr. Vincent Waters,207X00000X,Psychiatrist,a5892be98378bf964a4c613a589c0c5f01d5e9a00999106d404ec49ceaa2065c,897b6ee5-14ef-49eb-8a93-c217408284ad,2026-03-10 13:13:22.382491
9166076156,8374798773,Dr. Jackie Dudley,207RC0000X,Family Medicine,1e0f7b3c3b55fc8f5818c377d62f4ca61d434afa49ba97a9e66a9829a1109435,897b6ee5-14ef-49eb-8a93-c217408284ad,2026-03-10 13:13:22.382491
6460475343,4458148093,Dr. Nicole Barnes,207RX0202X,Psychiatrist,6950b5ec2a3f2b40d1d31cdc429ae6bee5b30088ad357625e3b999eef38b7439,897b6ee5-14ef-49eb-8a93-c217408284ad,2026-03-10 13:13:22.382491
7680573930,7000835540,Dr. Robin Gonzalez,208400000X,Gastroenterology,d395a8e599065921f2acb5cdc2353b7587b9356f309b703335812599d9b2db39,897b6ee5-14ef-49eb-8a93-c217408284ad,2026-03-10 13:13:22.382491
7135511023,4351196472,Dr. Michael Campbell,207R00000X,Cardiologist,15d3c681a3d005d914f751d2c3c960d3382dbf65d453fb9706c0578929030681,897b6ee5-14ef-49eb-8a93-c217408284ad,2026-03-10 13:13:22.382491
770218425,3496745859,Dr. Joshua Garcia,207R00000X,Pediatrics,d8a64e5c3eac448874cda10d61ad5a858e5148554c9d27062f266732ad8e27ca,897b6ee5-14ef-49eb-8a93-c217408284ad,2026-03-10 13:13:22.382491
9575565847,6372058495,Dr. Brent Smith,208100000X,Therapist,ab45f52f82ca38200b3f24d08036527be8d7cea71fdef0adeabc28c0cd881e4e,897b6ee5-14ef-49eb-8a93-c217408284ad,2026-03-10 13:13:22.382491
7711941575,9199531683,Dr. Kelsey Rivera,207Q00000X,Endocrinology,3302c1034ad2c66f02b46319d9a5ec95b905045421d994f5fe6608b864674285,897b6ee5-14ef-49eb-8a93-c217408284ad,2026-03-10 13:13:22.382491
462465941,1149996551,Dr. John Newman,208800000X,Endocrinology,d692af2e4bbba8a2cb3d46dc4548fedef4da4b43ac1211db3649ae3a077f372b,897b6ee5-14ef-49eb-8a93-c217408284ad,2026-03-10 13:13:22.382491
3334225293,1637357591,Dr. Terri Parsons,208100000X,Cardiologist,2cb90de226f4678222e873109e5645c17dfa90d9ca4165af1c335c6a7ea871a8,897b6ee5-14ef-49eb-8a93-c217408284ad,2026-03-10 13:13:22.382491
5317172099,5119208725,Dr. Amanda Caldwell,208100000X,Therapist,b3404a6b5b07ad15f16693d4e87d25943cf617babea9752d2c150ef12b280cc1,897b6ee5-14ef-49eb-8a93-c217408284ad,2026-03-10 13:13:22.382491
3744554593,3918947993,Dr. Kristen Hernandez,208700000X,Dermatology,4cf7ac27e36b3636d93a1ec8bd0e7e1e74d248c25ea5960e10ff10b9af38c6ac,897b6ee5-14ef-49eb-8a93-c217408284ad,2026-03-10 13:13:22.382491
4202495291,6376941143,Dr. Kyle James,208200000X,Pediatrics,d752ce51083f8ee9d591dce8411cdb745c3cf85f1ca0e694f3ccd1a6f6bcc4ef,897b6ee5-14ef-49eb-8a93-c217408284ad,2026-03-10 13:13:22.382491
2158013789,2396954770,Dr. Lisa Chapman,208500000X,Endocrinology,d76bed6a55c5f01b5f550859ebef206c0295a61e844b3badee6608ae1c7d644d,897b6ee5-14ef-49eb-8a93-c217408284ad,2026-03-10 13:13:22.382491
8969511153,2731590033,Dr. Sean Hughes,207P00000X,Cardiologist,904e13590233e44cb3b23f48cd31e93107ec4a447416a519bdd8775dbf3e4cf4,897b6ee5-14ef-49eb-8a93-c217408284ad,2026-03-10 13:13:22.382491
5420391306,4809288812,Dr. Tony Taylor,208200000X,Family Medicine,a279575743b11b011f666d1f9461bc5920a8a9552af5a84acde111e860ccc2c0,897b6ee5-14ef-49eb-8a93-c217408284ad,2026-03-10 13:13:22.382491
1265834124,3281963305,Dr. Diana Dawson,207RC0000X,Internal Medicine,13a7bcf8b69048c84e09d6a161a221464bec00f98b9316f364b7318d181a4400,897b6ee5-14ef-49eb-8a93-c217408284ad,2026-03-10 13:13:22.382491
7859931073,9638322950,Dr. Miguel Cruz,208300000X,Dermatology,1cf31fe715e57b404621c53de3a24d2df05ae8bb6c970f8a50fa7b781763f3ef,897b6ee5-14ef-49eb-8a93-c217408284ad,2026-03-10 13:13:22.382491
6275622112,524104652,Dr. Tracy Choi,208300000X,Family Medicine,7a91c29c4ee6ca6089630ba894090df1d3f0b6670b60a25f312f7a829254054c,897b6ee5-14ef-49eb-8a93-c217408284ad,2026-03-10 13:13:22.382491
8678729708,4175460429,Dr. Angela Cervantes,207RC0000X,Psychologist,846d195b8b8b42ca84213ad24c4b8bc59031bed80371aaf83bbe2dd5809d327d,897b6ee5-14ef-49eb-8a93-c217408284ad,2026-03-10 13:13:22.382491
448009886,5850284559,Dr. Nicholas Trujillo,208600000X,Primary Care,a18cb6128988f3cd106f57a0908826877ea63d9fe74203f0e7c76426fec3a4af,897b6ee5-14ef-49eb-8a93-c217408284ad,2026-03-10 13:13:22.382491
4976676227,5511874373,Dr. Mary Rodriguez,207RG0100X,Cardiologist,72850073da33ea41abb266a7c55c83cef824c57c7fe026f568f7b7107bbb1a9c,897b6ee5-14ef-49eb-8a93-c217408284ad,2026-03-10 13:13:22.382491
1168643291,3278168847,Dr. Olivia Miller,208700000X,Cardiologist,95f74a09c12d302b8ec7ed104e87e9e0d142855f3224b16d50967cb887eebe8c,897b6ee5-14ef-49eb-8a93-c217408284ad,2026-03-10 13:13:22.382491
6503557406,6305439027,Dr. Christine Hanson,207P00000X,Internal Medicine,221bd4dafd417246416d444af42fb0c9a166620e38beef63bb6a8955d892681e,897b6ee5-14ef-49eb-8a93-c217408284ad,2026-03-10 13:13:22.382491
3604116440,6462847818,Dr. Allen Chavez,208100000X,Psychologist,295d50f78c233a85341854a5acf2f9859adc047bd97254febc2d4b878c31fcf0,897b6ee5-14ef-49eb-8a93-c217408284ad,2026-03-10 13:13:22.382491
526809164,6865906050,Dr. Benjamin Hernandez,207R00000X,Psychologist,aa42ef4474585e5b49dfb1522246233cf1463a63a757330c0bc1da6c26f6e187,897b6ee5-14ef-49eb-8a93-c217408284ad,2026-03-10 13:13:22.382491
9938557420,6754700194,Dr. Robert Taylor,207RX0202X,Pediatrics,de05996fd0c0fb01397884d376fee187fe521dc4a36a835fd6ffbd89d47b4b13,897b6ee5-14ef-49eb-8a93-c217408284ad,2026-03-10 13:13:22.382491
8549216997,716783325,Dr. Michael Garcia,208200000X,Psychologist,e0ac1a72fee695f8cd2b23e27fa062e9892ae797e42786125f911f8cc92be459,897b6ee5-14ef-49eb-8a93-c217408284ad,2026-03-10 13:13:22.382491
9058054298,5085122044,Dr. Teresa Coleman,208200000X,Dermatology,f3e4fd3a176a693abf8ad1706efc9ff7b8d29146ce73b49e25aeaba48aed36ed,897b6ee5-14ef-49eb-8a93-c217408284ad,2026-03-10 13:13:22.382491
5609007070,1323789390,Dr. Casey Greene,207RG0100X,Pediatrics,31b04412fb0f775460ffada1253383ff4f42a9c199239f9be453181b62839c47,897b6ee5-14ef-49eb-8a93-c217408284ad,2026-03-10 13:13:22.382491
5177061067,8461852815,Dr. Mary Chavez,208800000X,Psychologist,3707f6bbb9722d52137b1fd51445522ae8fcb5100a8b75ae273dd253ca2f5b31,897b6ee5-14ef-49eb-8a93-c217408284ad,2026-03-10 13:13:22.382491
9420784382,1010878895,Dr. Derrick Valenzuela,208500000X,Dermatology,3278307dafcc7e949cb0698e68d183d2c264e0499ab4a3b4f002bee6f3ecca2b,897b6ee5-14ef-49eb-8a93-c217408284ad,2026-03-10 13:13:22.382491
2634220223,4785168619,Dr. Carlos Jackson,207RG0100X,Psychologist,98c5518a210262da8576a74f1a42ec0f538f3d33b064cf24803f4136f378c6a4,897b6ee5-14ef-49eb-8a93-c217408284ad,2026-03-10 13:13:22.382491
6000651929,2112814236,Dr. Christopher Harper,208000000X,Psychiatrist,f93925bb001b1c4823f4c7a3016d603980202fb35baaad5db2fd01de093332ab,897b6ee5-14ef-49eb-8a93-c217408284ad,2026-03-10 13:13:22.382491
9207209621,9092084833,Dr. Eric Ramirez,208800000X,Pediatrics,515a9d4928fe0f09235b5f2b13e8b3833fa2e34e4a6592a7e2a1ccac13a5fde1,897b6ee5-14ef-49eb-8a93-c217408284ad,2026-03-10 13:13:22.382491
4477924117,9526313739,Dr. John Barnes,208700000X,Psychologist,dc2c4543bd43ad1ce5ee6b86d1fb25c52862e4ad0adc660f4167d5d59b58080c,897b6ee5-14ef-49eb-8a93-c217408284ad,2026-03-10 13:13:22.382491
8916401253,7275253203,Dr. Margaret Larson,207R00000X,Therapist,e8ce53eead783f93bb9723494ca0b47075d22b057642d184cd1f8f295b7cfbdc,897b6ee5-14ef-49eb-8a93-c217408284ad,2026-03-10 13:13:22.382491
5285372694,1085501661,Dr. Robert Phillips,207R00000X,Primary Care,258aa842628e59f1d3c438cf76ec70d8b1506051a353dc17131a2c1abd82de1d,897b6ee5-14ef-49eb-8a93-c217408284ad,2026-03-10 13:13:22.382491
7648148505,6270308213,Dr. Tara Hansen,208400000X,Dermatology,3b7d26d40de94734458519f1eaa686f74311a19b64486210a8d7e7902a62a613,897b6ee5-14ef-49eb-8a93-c217408284ad,2026-03-10 13:13:22.382491
1934021679,5402294046,Dr. Lauren Jimenez,207RC0000X,Primary Care,1da44131b45977a050cc434583e7afd7c3b13afc650b2fe2771fb9b4ff2e4a46,897b6ee5-14ef-49eb-8a93-c217408284ad,2026-03-10 13:13:22.382491
808260845,8882904201,Dr. Edwin Estrada,207P00000X,Family Medicine,b837a51a24eac30d9e14f84f00548e93deb1980b25383bb9e6ce2432919af29e,897b6ee5-14ef-49eb-8a93-c217408284ad,2026-03-10 13:13:22.382491
3096938405,2926258371,Dr. Frank Stevens,208700000X,Psychiatrist,8675dc22b9bef502eb94d13d095a8069e8bbb37f4047d9b2c4aece8a601e4fc9,897b6ee5-14ef-49eb-8a93-c217408284ad,2026-03-10 13:13:22.382491
6818951317,542097599,Dr. Carla Morris,207P00000X,Psychologist,5fb135fa0199bd960dd4b787fe6dd08805efe4d547a092984516ed69c59dda4f,897b6ee5-14ef-49eb-8a93-c217408284ad,2026-03-10 13:13:22.382491
2877033458,4580244634,Dr. Andrew Velazquez,208700000X,Psychiatrist,60cc0b417e4f23e1fb1acdc518a0ee5b90ebe7c79276bfa0c491c480e6b9a8a8,897b6ee5-14ef-49eb-8a93-c217408284ad,2026-03-10 13:13:22.382491
1613989823,4350272834,Dr. Wayne Nicholson,208600000X,Pediatrics,e841aedc792ba253146287630caa8a0f2d3503a8be1e34378a35c6c1c3b33d66,897b6ee5-14ef-49eb-8a93-c217408284ad,2026-03-10 13:13:22.382491
3432611112,9499593239,Dr. Matthew Johns,208000000X,Therapist,feea078a0c55ea4fbf0c497fff72d1053a40d58c02ba16a9cc92154b38b5b7a0,897b6ee5-14ef-49eb-8a93-c217408284ad,2026-03-10 13:13:22.382491
2999279994,6383582061,Dr. Nicholas Pope,208300000X,Therapist,16a8e5ecbb7069fdcb01b0eca15044d27672a7b1a5d5de431bf0ee61cf52ad5d,897b6ee5-14ef-49eb-8a93-c217408284ad,2026-03-10 13:13:22.382491
9386592932,2591351803,Dr. Christopher Jackson,208000000X,Therapist,d90ed595c9171f38d2872e96e9762cc7a9966b48f8db4c22ac64d85fc07016ff,897b6ee5-14ef-49eb-8a93-c217408284ad,2026-03-10 13:13:22.382491
1639711020,6355497067,Dr. Justin Baker,208800000X,Pediatrics,bc04edf33e1bae5870ff1e1a5949b6ef1f7a00e2880b70baea62a6f0e065eedd,897b6ee5-14ef-49eb-8a93-c217408284ad,2026-03-10 13:13:22.382491
3626820691,246084368,Dr. Catherine Donovan,208700000X,Psychologist,cdebaab260b9904dd520feae9b852e7fd1c007cf8675efbbf06383c3cccf8e87,897b6ee5-14ef-49eb-8a93-c217408284ad,2026-03-10 13:13:22.382491
989928640,4744015115,Dr. Andrew Hill,207Q00000X,Dermatology,7f5287d34f734253ff62b27a381ab22fe0beb7af50235680ed0c9f56baae63c8,897b6ee5-14ef-49eb-8a93-c217408284ad,2026-03-10 13:13:22.382491
3538914773,7123981287,Dr. Pamela Bell,208600000X,Gastroenterology,143add472cb8e06ea6436924c2c88b34ce82d021e3bc47700ea674bd554512ee,897b6ee5-14ef-49eb-8a93-c217408284ad,2026-03-10 13:13:22.382491
9238985225,5980272307,Dr. Kendra Baxter,207R00000X,Gastroenterology,dd7f05f79ed8c09c80539865b7fdea2d6bb38a41cb118d8eb9a785ce0e271b9c,897b6ee5-14ef-49eb-8a93-c217408284ad,2026-03-10 13:13:22.382491
91395024,269873213,Dr. Dennis Reyes,208200000X,Cardiologist,73132ac8a9577ab257e4d148d4fa0cd54eadec80f7264c15096178b5a342bfa3,897b6ee5-14ef-49eb-8a93-c217408284ad,2026-03-10 13:13:22.382491
4832609969,7133767759,Dr. Chelsea Foley,207RC0000X,Gastroenterology,b6e2bb39cf571421f0eadf2d7a863f8cc381cbeabb0b24e9b5e1c67452379852,897b6ee5-14ef-49eb-8a93-c217408284ad,2026-03-10 13:13:22.382491
2439700028,7440443422,Dr. Daniel Jordan,207P00000X,Internal Medicine,49c26a330a52e2784b5e0578debd2da0b4a744dde66cde01a0aa550339c5aecd,897b6ee5-14ef-49eb-8a93-c217408284ad,2026-03-10 13:13:22.382491
4873554026,25093529,Dr. Summer Bridges,207RX0202X,Endocrinology,336e777c31006ab17829947920dc1b0c144b755a2df7b4f6762760a371822674,897b6ee5-14ef-49eb-8a93-c217408284ad,2026-03-10 13:13:22.382491
4189197290,9909180680,Dr. Peter Miller,207RX0202X,Gastroenterology,a3fd3d725d003ec1f90991edb3712387826e77f6454fedc4cc8925879ccac56d,897b6ee5-14ef-49eb-8a93-c217408284ad,2026-03-10 13:13:22.382491
5952012546,4821762953,Dr. Whitney Garcia,207P00000X,Psychiatrist,d9ea5b44e547a991c7e0e49e4e7dd42ea93a65bd6e85e812b110e7cb1a372979,897b6ee5-14ef-49eb-8a93-c217408284ad,2026-03-10 13:13:22.382491
9032133708,3933028020,Dr. Patricia Gould,207P00000X,Psychiatrist,32d59450a87f927cc2cc9356e262aa988d6f28b852d80f5a1da6dc278bdf1bae,897b6ee5-14ef-49eb-8a93-c217408284ad,2026-03-10 13:13:22.382491
7196094013,5611133695,Dr. Emily Young,208300000X,Dermatology,5dec4d2c14b86f1330d63aa1c0d6bce897a4ab3815e51792e21c71f660157906,897b6ee5-14ef-49eb-8a93-c217408284ad,2026-03-10 13:13:22.382491
9794350570,2410799364,Dr. Elizabeth King,207R00000X,Gastroenterology,33256a34ee6809d98144d56e5f3410287dc3fb73e9128debecad2dd070199cc5,897b6ee5-14ef-49eb-8a93-c217408284ad,2026-03-10 13:13:22.382491
7940315133,4785989328,Dr. Gary Murphy,208200000X,Family Medicine,f0b1b10601cb2c191dd49b94d700b7c905d6f3716a86311b293340a986c0cccb,897b6ee5-14ef-49eb-8a93-c217408284ad,2026-03-10 13:13:22.382491
2279228176,1531603037,Dr. Dr. Kristine Benson,208600000X,Psychiatrist,102f716c25c7a5170d1584a02c0187dfe6c6483f6ec4646feda8533e1c001902,897b6ee5-14ef-49eb-8a93-c217408284ad,2026-03-10 13:13:22.382491
5206174972,5978514029,Dr. Nathan Flores,207X00000X,Primary Care,eaca4c841f3122f74f170be8239e1c0440e5de21b6b25e4510bc78e6ac81d09c,897b6ee5-14ef-49eb-8a93-c217408284ad,2026-03-10 13:13:22.382491
4663140926,7386225882,Dr. Mr. Sergio Rodriguez,208400000X,Gastroenterology,4660464f9bfc5720955f3457bd1277289244468a7e37749f75f24e084534b14d,897b6ee5-14ef-49eb-8a93-c217408284ad,2026-03-10 13:13:22.382491
8345132714,7324243204,Dr. Elizabeth Smith,208700000X,Primary Care,2f63e21edfec963c99e0b84a7a7c5a6f70f0bcb4b9fdb1bde51a7d58f267cea9,897b6ee5-14ef-49eb-8a93-c217408284ad,2026-03-10 13:13:22.382491
7384442096,8229039285,Dr. Maria Tyler,207Q00000X,Psychiatrist,60be1c8f982a144575a3e7a2c0af50811c235c6df7cbb0cfb69c8b3c8a5bb9a7,897b6ee5-14ef-49eb-8a93-c217408284ad,2026-03-10 13:13:22.382491
7913515571,2790504528,Dr. Laura Chapman,207P00000X,Psychologist,570e0717159959c58faedf621000c1651213f6147628b182c8f606a84e57eb00,897b6ee5-14ef-49eb-8a93-c217408284ad,2026-03-10 13:13:22.382491
8471947890,6338379437,Dr. Jennifer Wilson,207R00000X,Pediatrics,817aa685825d6aced93d8ecb2a7904bd6286cb046335c398d39ef0595a8f7bce,897b6ee5-14ef-49eb-8a93-c217408284ad,2026-03-10 13:13:22.382491
181819857,28479750,Dr. Peter Nolan,207X00000X,Primary Care,19868f5bc3f13d2b2fe6b6404e689e9e06cdcc942c807d2dad431fa2766b0409,897b6ee5-14ef-49eb-8a93-c217408284ad,2026-03-10 13:13:22.382491
7993015122,5159401201,Dr. Daniel Rice,207Q00000X,Dermatology,9899686d663888b278bb54a06912e2996d2a4c6564f0dd8166ac450b9e992eea,897b6ee5-14ef-49eb-8a93-c217408284ad,2026-03-10 13:13:22.382491
9592507924,1206109958,Dr. Brandon Dean,208800000X,Psychiatrist,77e554e477243605040eedda3c145d93ad0725c102ed06123667761e6004affb,897b6ee5-14ef-49eb-8a93-c217408284ad,2026-03-10 13:13:22.382491
1781428751,3302373809,Dr. Adam Williams,207Q00000X,Therapist,b4cf0139fe2c484e4483c54872c0d0e6abeeb52e350c5519aee12e41191dbce2,897b6ee5-14ef-49eb-8a93-c217408284ad,2026-03-10 13:13:22.382491
4252857385,1460520164,Dr. Sandra Arellano,208500000X,Gastroenterology,2b68e5fe2e960716780e99775dad2951ffd75cd5bf3fff8050792ef7a2dd1d97,897b6ee5-14ef-49eb-8a93-c217408284ad,2026-03-10 13:13:22.382491
3020279107,4206554063,Dr. Kristen Morse,208200000X,Psychologist,8fca77fc0fc9bffc2ccb0e087471cef11412ace9431477f07fd2b4f88adfd87e,897b6ee5-14ef-49eb-8a93-c217408284ad,2026-03-10 13:13:22.382491
8265344742,613112746,Dr. Rebekah Martin,208800000X,Psychiatrist,65ad7fa60de4b5b95732f1ec94cdb5c91e756c27d7bd4b2246b2499df1795f64,897b6ee5-14ef-49eb-8a93-c217408284ad,2026-03-10 13:13:22.382491
2360094107,6891492292,Dr. Peter Nelson,208700000X,Family Medicine,b4b6f7b681577558e0783d052909476ace4ac327c86a45bbaeb1518545bcf6c5,897b6ee5-14ef-49eb-8a93-c217408284ad,2026-03-10 13:13:22.382491
494165927,3757948495,Dr. Troy Barton,208500000X,Psychologist,5172cc2ea2d9fcd3957e23975526cd347f531791ba967734a43542832e705696,897b6ee5-14ef-49eb-8a93-c217408284ad,2026-03-10 13:13:22.382491
2645801876,5228675505,Dr. Steven Hernandez,208700000X,Endocrinology,267b919899fcb4fcc2ea8afc8253ca548a8195f436acd09da0d4deec4e09cb8d,897b6ee5-14ef-49eb-8a93-c217408284ad,2026-03-10 13:13:22.382491
6072936027,6197859157,Dr. Scott Hughes,207RG0100X,Gastroenterology,09aa2565b116e97e299dd3f9d046f440e3500a7385f2b8759731a01bcd704c99,897b6ee5-14ef-49eb-8a93-c217408284ad,2026-03-10 13:13:22.382491
3195071840,2852550692,Dr. Tyler Fisher,208800000X,Primary Care,63923f3c0f88eb9678f517fa3742247f33fb182bc7f96aadf3242d4377faaebb,897b6ee5-14ef-49eb-8a93-c217408284ad,2026-03-10 13:13:22.382491
9847341090,8239755840,Dr. Jason Thomas,208300000X,Psychiatrist,63221fecb5d3ce60c234c717108203dc7d283bbd249b230a6ea81d4e8e63bb5a,897b6ee5-14ef-49eb-8a93-c217408284ad,2026-03-10 13:13:22.382491
6809983842,7288972251,Dr. Craig Klein,208000000X,Gastroenterology,05f4e7a77ffaba8711c5ceccfd10ae12b3998bcfaf5aca497af63392e6356103,897b6ee5-14ef-49eb-8a93-c217408284ad,2026-03-10 13:13:22.382491
7129401951,2941995512,Dr. Brian Salazar,207RX0202X,Gastroenterology,4018970ab48100919d9037e129a5bfc1a75e6e4e8133b40b53465f5144d3940f,897b6ee5-14ef-49eb-8a93-c217408284ad,2026-03-10 13:13:22.382491
1162807844,8034378335,Dr. Andrea Martinez,207RC0000X,Cardiologist,a5faf37565417177ad9461daaf1906c6f9e83d454f8e14232672623e90e29c53,897b6ee5-14ef-49eb-8a93-c217408284ad,2026-03-10 13:13:22.382491
546177260,2166490181,Dr. Dorothy Wood,208300000X,Pediatrics,e31f0672d66c68ee6a476d5f29025d42eb4b0079cf562fdc81290017dc1cb002,897b6ee5-14ef-49eb-8a93-c217408284ad,2026-03-10 13:13:22.382491
8349077786,5403647706,Dr. David Berry,208700000X,Psychiatrist,1d5496c0ce96c702dd82b00759e7b28b776ecb378a0f92641415148d94706523,897b6ee5-14ef-49eb-8a93-c217408284ad,2026-03-10 13:13:22.382491
6171892249,2005293929,Dr. Amy Anderson MD,207X00000X,Psychologist,d028ede98ddfab31b3103b39508e8747bbf1bb7badcd6b2e85bcc6d827e40996,897b6ee5-14ef-49eb-8a93-c217408284ad,2026-03-10 13:13:22.382491
4597697580,2136427258,Dr. Jennifer Ruiz,207R00000X,Primary Care,83f0b54ddd3ae517218898addad6da4cd0ec33d17db87b2fd03ce83d557f418c,897b6ee5-14ef-49eb-8a93-c217408284ad,2026-03-10 13:13:22.382491
546718548,2102161397,Dr. Ashley Perez,207R00000X,Primary Care,1ae8a1ab01d87196c866d1035cfd17d127e40374df772192b76ef366aae21c66,897b6ee5-14ef-49eb-8a93-c217408284ad,2026-03-10 13:13:22.382491
7904875075,4240342866,Dr. Edward Cantrell,208100000X,Psychiatrist,d61143e4bcc0084bca3169495d97dfe2638b6d2cd4e8538fa1d95e03a22ed55f,897b6ee5-14ef-49eb-8a93-c217408284ad,2026-03-10 13:13:22.382491
1466804984,1550786125,Dr. Herbert Tate,207RC0000X,Family Medicine,bf12867371dcd9a98d67ab7847fce4840ff2a4229434aca7ce2e229453fccfef,897b6ee5-14ef-49eb-8a93-c217408284ad,2026-03-10 13:13:22.382491
1355324046,8351314055,Dr. Michael Black,207R00000X,Internal Medicine,9ccf6d1e5853fd0802a99a4d73cb3f9e5ba4b5e6f77170d3e35b84ab442cb43a,897b6ee5-14ef-49eb-8a93-c217408284ad,2026-03-10 13:13:22.382491
8662214894,5499974841,Dr. Jill Wilson MD,207R00000X,Dermatology,4798df1741ebd73e00bd24bf93669db42549a8e4ca2960bf7c1873fe91afcef1,897b6ee5-14ef-49eb-8a93-c217408284ad,2026-03-10 13:13:22.382491
6464084514,2858924684,Dr. Lori Vaughn,207R00000X,Endocrinology,5ab1136e893938b5ff755952a76cab7ba37318586bb0d85342b42e0f5d976e6f,897b6ee5-14ef-49eb-8a93-c217408284ad,2026-03-10 13:13:22.382491
2588535794,9765190335,Dr. Tony Briggs,208400000X,Therapist,b7d5e740ae52430db1ccc8eda04c3c8834018e3e0f7f8792ec1b6cab131a3799,897b6ee5-14ef-49eb-8a93-c217408284ad,2026-03-10 13:13:22.382491
6878697348,5250539537,Dr. Debra Kaufman,207R00000X,Primary Care,9d82f0f54b4fbdf0c375844e6c3351c836fe7f140ea5b75d782c20c5b7be2e21,897b6ee5-14ef-49eb-8a93-c217408284ad,2026-03-10 13:13:22.382491
2760402791,701712452,Dr. Robert Munoz,208700000X,Endocrinology,46fd33bbecd49c3ecad295c7af08c9a2cc3904b64d60c04cbd02b10aa9768d6d,897b6ee5-14ef-49eb-8a93-c217408284ad,2026-03-10 13:13:22.382491
5925261071,7196139517,Dr. Victoria Rivera,207R00000X,Endocrinology,5602ac1e73b53c3f3427e8e4e34a3235c5abc832e443a864394106b336b3f8e0,897b6ee5-14ef-49eb-8a93-c217408284ad,2026-03-10 13:13:22.382491
1745659321,9122288870,Dr. Abigail Grant,207P00000X,Gastroenterology,87f5ef002f719411fde57ed567a15bf8f33dd55125f2040c70a1161711f87e65,897b6ee5-14ef-49eb-8a93-c217408284ad,2026-03-10 13:13:22.382491
7729522465,724112753,Dr. David Jones,208800000X,Endocrinology,f84548f078ba697cb069149d03409731a0c163a539dcaa3be3790be63a0e5d9d,897b6ee5-14ef-49eb-8a93-c217408284ad,2026-03-10 13:13:22.382491
7963460701,9772722273,Dr. Dustin Coleman,208400000X,Cardiologist,0083d472339c5974c6fc2176eb85e126d9f5962a86628ba187d4535284a0da50,897b6ee5-14ef-49eb-8a93-c217408284ad,2026-03-10 13:13:22.382491
1948564603,8440151107,Dr. Cindy Mathis,208500000X,Therapist,cb7cbd0d79742b1966f2363e736a3aa8b1256e66478bc27198cc12a26548abf5,897b6ee5-14ef-49eb-8a93-c217408284ad,2026-03-10 13:13:22.382491
5651369268,8783233722,Dr. Rebecca Myers DDS,208300000X,Internal Medicine,cd2552b9b23648b51a135f1b64c04963e46250cd57da805e4216803cdf2e771b,897b6ee5-14ef-49eb-8a93-c217408284ad,2026-03-10 13:13:22.382491
6472046210,6139233323,Dr. Timothy French,207P00000X,Therapist,0867c40fec7ca7d684ac752ad79d491488bbf34c1fac4e286f4390555a50a4de,897b6ee5-14ef-49eb-8a93-c217408284ad,2026-03-10 13:13:22.382491
4565018481,5689162832,Dr. Terry Ray,208000000X,Psychiatrist,43bd61fb41a1560914b4a399cc9e9f43472d04566174cffc33ffd89ff3b2d755,897b6ee5-14ef-49eb-8a93-c217408284ad,2026-03-10 13:13:22.382491
1646537608,6887073412,Dr. Rodney Cobb,208000000X,Psychologist,280e7b174694a3b769b05570102a7294cb27ea7e5c4531c117a123b0422cb8ef,897b6ee5-14ef-49eb-8a93-c217408284ad,2026-03-10 13:13:22.382491
7853754916,1345052735,Dr. Darrell Berry,207RG0100X,Psychiatrist,76e46642697f5c15c19a6883664a42bd5df0372b25f4ff8a52e77a45cf1676ef,897b6ee5-14ef-49eb-8a93-c217408284ad,2026-03-10 13:13:22.382491
4465418217,9082098046,Dr. Nancy Brown,208600000X,Dermatology,997da6a4120a2acb32a4e9c8bdef3b30b4f733f81abc062e637ddf1a527a0896,897b6ee5-14ef-49eb-8a93-c217408284ad,2026-03-10 13:13:22.382491
6395940610,2401224057,Dr. Kristopher Harris,207X00000X,Psychiatrist,d1336f6b4155f9b13074e00f5a671af7562086d3f16321fe1a193e58d845cf1f,897b6ee5-14ef-49eb-8a93-c217408284ad,2026-03-10 13:13:22.382491
6571075588,2915437992,Dr. Paul Wilson,207Q00000X,Endocrinology,cb4517a97809f4c4e182ad14fdb638c131194ab613f410926dd2eb11a45b0bdf,897b6ee5-14ef-49eb-8a93-c217408284ad,2026-03-10 13:13:22.382491
8664484458,7674307687,Dr. Brandon Chapman,208200000X,Family Medicine,f2538fbba661f5dcd7af3a1dec85a45ad64a4adc96ef4ca077c0d36d66e27978,897b6ee5-14ef-49eb-8a93-c217408284ad,2026-03-10 13:13:22.382491
7165239383,8292655729,Dr. Christopher Johnston,208800000X,Internal Medicine,5a2039017677d572d4632879663fd7771f3a444ca82508e0f31d8a945d7bb69e,897b6ee5-14ef-49eb-8a93-c217408284ad,2026-03-10 13:13:22.382491
8865575007,4734120188,Dr. Tamara Meyer,208100000X,Endocrinology,00929e2f281ff48ccd48b4c6aff261ac5527bb6c0c73dd51a00c5e805dbf03e9,897b6ee5-14ef-49eb-8a93-c217408284ad,2026-03-10 13:13:22.382491
418495441,6602518308,Dr. Adam Edwards,208100000X,Internal Medicine,b0c4b985dbc37c3ceea41b604c63c3355f950c5930f44222f340ca1ba671a0ea,897b6ee5-14ef-49eb-8a93-c217408284ad,2026-03-10 13:13:22.382491
7797662858,4260768438,Dr. Joseph Gutierrez,208600000X,Pediatrics,9e240491dfca8a2c3a54cf0d0ab3c0b0ebf6d74ad3f5fd8e4325bff79504f7ca,897b6ee5-14ef-49eb-8a93-c217408284ad,2026-03-10 13:13:22.382491
2298428592,474279779,Dr. Javier Smith,207X00000X,Dermatology,e0cc48193bcabcec0859a2c3d603c1d90dcd1ba475f1a39c2c05dd8b132d66c8,897b6ee5-14ef-49eb-8a93-c217408284ad,2026-03-10 13:13:22.382491
5923515225,8122020562,Dr. Cynthia Hernandez,208600000X,Therapist,d6687f18e63c68cc2233339e05cf045da9971f6d0965807f4c7555be7679f095,897b6ee5-14ef-49eb-8a93-c217408284ad,2026-03-10 13:13:22.382491
6079139616,919364951,Dr. Tracy Day,207X00000X,Primary Care,9d8229a987aa08a627928ad1166b8a33bb9142b1b90a553c00474f2389afab8b,897b6ee5-14ef-49eb-8a93-c217408284ad,2026-03-10 13:13:22.382491
812958503,1088611338,Dr. Alexandria Horton,208000000X,Family Medicine,27928062819b0276eac65553608fe623755e8e6818efc78d3f81d44d700c58f9,897b6ee5-14ef-49eb-8a93-c217408284ad,2026-03-10 13:13:22.382491
7803535131,3024203658,Dr. Michael Bennett,207R00000X,Primary Care,74a57da76e4bfea4bbec19c57c0f8c456ff22d5f87d74c16d3e05bdcebe2b947,897b6ee5-14ef-49eb-8a93-c217408284ad,2026-03-10 13:13:22.382491
9625046055,6638950365,Dr. Ann Smith,208500000X,Endocrinology,2972fcec7506dcf3faf32c757e11dfbb92e0d94498497b0992579294e317e573,897b6ee5-14ef-49eb-8a93-c217408284ad,2026-03-10 13:13:22.382491
6367881558,5915350672,Dr. Julie Navarro,207Q00000X,Family Medicine,867dcdd90b5f8e3115b2219ebca5767b10eac0e4d6c5ab0b2cb4256f6509f3f9,897b6ee5-14ef-49eb-8a93-c217408284ad,2026-03-10 13:13:22.382491
2528179058,5357575599,Dr. Tyler Ryan,207RX0202X,Internal Medicine,0dba41b3aa73846bb935f2c658efe259af0ca300d8979190040fcfaf77b5ca61,897b6ee5-14ef-49eb-8a93-c217408284ad,2026-03-10 13:13:22.382491
9023838429,9582964456,Dr. Steven Reid,207X00000X,Endocrinology,3defc765bd59449bdfd1f1a4d1e21e81d76315d18b07b878870fc38377180c1a,897b6ee5-14ef-49eb-8a93-c217408284ad,2026-03-10 13:13:22.382491
9098578886,9840407267,Dr. Ashley Prince,208200000X,Cardiologist,e4856842aeb69e755028eda07e6b5515c49480b217febb6c2a2ac3604aedf35f,897b6ee5-14ef-49eb-8a93-c217408284ad,2026-03-10 13:13:22.382491
4577500741,5993151526,Dr. Brandon Davis,208000000X,Cardiologist,2a7dc80c7c3855651b64e006530b87fc074032269134dd6b64ebccf22cdf34fc,897b6ee5-14ef-49eb-8a93-c217408284ad,2026-03-10 13:13:22.382491
379115689,2471133088,Dr. Martin Scott,207RG0100X,Gastroenterology,b49452525e284283bce7defcc0ba66280a7a1ea457eea79a0d960046c83dd4f6,897b6ee5-14ef-49eb-8a93-c217408284ad,2026-03-10 13:13:22.382491
1043974176,5139089396,Dr. Philip Reed,208000000X,Family Medicine,a9f419973571cb609a4d9b3aba3b0109d2c6cd7ed684123405daed81f5e95a27,897b6ee5-14ef-49eb-8a93-c217408284ad,2026-03-10 13:13:22.382491
9681506817,5206817708,Dr. Michael Garza,207RG0100X,Psychiatrist,4dba42b6d20e9e0e0506914d0930266ec8a535b46dbf4d4f8462ef20fabdf432,897b6ee5-14ef-49eb-8a93-c217408284ad,2026-03-10 13:13:22.382491
4806277264,1884427301,Dr. Karen Thompson,207RG0100X,Therapist,0e16aac40e57e5e282bfc93f160dd9ff98917475d0585720d9ea4c7dba06ae57,897b6ee5-14ef-49eb-8a93-c217408284ad,2026-03-10 13:13:22.382491
4399393845,2765716858,Dr. Brittany Joseph,208100000X,Cardiologist,2b78dc7045dc02f0153bf275009840fc3c0a861bdd1680a85734dca35652361f,897b6ee5-14ef-49eb-8a93-c217408284ad,2026-03-10 13:13:22.382491
9353555309,2609168497,Dr. Antonio Torres,208400000X,Pediatrics,0554c013e44645af36ca5200349a26a48d348315bfb6b8a79047460b6c4ae54a,897b6ee5-14ef-49eb-8a93-c217408284ad,2026-03-10 13:13:22.382491
1062395666,2369260019,Dr. Ashley Jones,208800000X,Gastroenterology,5408e07216e8b05b4db938e8b772060776602b1a26ccc71607b1b0c28add58c0,897b6ee5-14ef-49eb-8a93-c217408284ad,2026-03-10 13:13:22.382491
3337233406,5885545199,Dr. Dr. Tiffany Lopez DDS,207RC0000X,Internal Medicine,e2a27252658ab1925e2a2273ac771729a2e55b722bbfb92ee2c59dd95354b612,897b6ee5-14ef-49eb-8a93-c217408284ad,2026-03-10 13:13:22.382491
3737115557,250316541,Dr. Jenna Rollins,208400000X,Dermatology,9940d6b319ae3b1fd549d33ce71c10a72863b04399c459283425481ab229cadf,897b6ee5-14ef-49eb-8a93-c217408284ad,2026-03-10 13:13:22.382491
1863317273,5280195623,Dr. Jennifer Cohen,207RX0202X,Primary Care,7086533df6b47c2943d74177fede8360eb3bdfa0d072010b8d52c7a128479e98,897b6ee5-14ef-49eb-8a93-c217408284ad,2026-03-10 13:13:22.382491
4030203484,220631624,Dr. Lori Sanchez,208400000X,Internal Medicine,0397c824d2188ec5c8ebbbb5dcbed47301b5a094689cb09fb08db4bf8ff7ed9d,897b6ee5-14ef-49eb-8a93-c217408284ad,2026-03-10 13:13:22.382491
1183382318,6277677016,Dr. Thomas Fernandez,207RC0000X,Dermatology,711eced2332e88b4d49aa7fef9cae4c7ad8cf729bd9b3d937f86851afde04799,897b6ee5-14ef-49eb-8a93-c217408284ad,2026-03-10 13:13:22.382491
9718283350,6162052281,Dr. Terri West,208400000X,Internal Medicine,e0d171b62599547221c8a297b66e75b3302f599385295a6d044ce35a5777960a,897b6ee5-14ef-49eb-8a93-c217408284ad,2026-03-10 13:13:22.382491
7870216538,2204284370,Dr. Paul Rivas,208600000X,Family Medicine,3c18e763845a2d266d2ee3f99ecba7737b50963c69870ee8033797d4116eea9a,897b6ee5-14ef-49eb-8a93-c217408284ad,2026-03-10 13:13:22.382491
7759346024,6383017257,Dr. Andrew Chavez,208500000X,Psychiatrist,d3d3c6e462119e38cd02a9c8c6260728d5734093990be99c8a1bdbc4596b1fa8,897b6ee5-14ef-49eb-8a93-c217408284ad,2026-03-10 13:13:22.382491
4991729859,2021366278,Dr. Christopher Diaz,208000000X,Endocrinology,7b4260061e608e6ebb1152ceb93511ff4193e22776a0b6bff948ed283f4fb20a,897b6ee5-14ef-49eb-8a93-c217408284ad,2026-03-10 13:13:22.382491
7433988376,169988398,Dr. Thomas Sharp,208100000X,Cardiologist,a0f39a1d4ebd5d81d262a4ec6a1ddb2132dbc671d5645bca150d4c03f0aff2bd,897b6ee5-14ef-49eb-8a93-c217408284ad,2026-03-10 13:13:22.382491
4666148552,5503862407,Dr. Timothy Jackson,207RC0000X,Gastroenterology,e0d740e4c1524b6ba289cb1ebc33ea6bfe8ad162043826d4f5c2ba4fb08f59b7,897b6ee5-14ef-49eb-8a93-c217408284ad,2026-03-10 13:13:22.382491
3558788077,4051752983,Dr. David Navarro,207RC0000X,Family Medicine,bb15d29d560656e40d69c3565893da46ad1764d776ffab940edbb182f0c0c7f2,897b6ee5-14ef-49eb-8a93-c217408284ad,2026-03-10 13:13:22.382491
5358859565,1492609089,Dr. Cynthia White,207P00000X,Gastroenterology,6323d30d2a5a8008a3fb16835bd5c52399041be06ce4aa888cebda03e4671cec,897b6ee5-14ef-49eb-8a93-c217408284ad,2026-03-10 13:13:22.382491
4989086984,3444833229,Dr. Kevin Taylor,207X00000X,Pediatrics,071260c2743dac13923ab99fd1eeac7ce193c81e0bf8bf9369c7f2faed34c074,897b6ee5-14ef-49eb-8a93-c217408284ad,2026-03-10 13:13:22.382491
8358774485,8529456320,Dr. Timothy Patterson,208400000X,Therapist,70b378b1a101579446990209867a8bb64889f7dfafe07368d9254522cb17015a,897b6ee5-14ef-49eb-8a93-c217408284ad,2026-03-10 13:13:22.382491
5723003939,981475559,Dr. Morgan Carrillo,208100000X,Psychiatrist,48605adf2c613c8eec28d37f6ee8c7cb0c52238a7ac7133b3300ca13c9263403,897b6ee5-14ef-49eb-8a93-c217408284ad,2026-03-10 13:13:22.382491
4947162887,8737031838,Dr. David Hodges,207RX0202X,Cardiologist,262d909c81954bddaaa8c212afc59b54ff824e6af2648ba365d3edb97dbe9b53,897b6ee5-14ef-49eb-8a93-c217408284ad,2026-03-10 13:13:22.382491
4186614659,5967947017,Dr. Darren Anderson,208300000X,Internal Medicine,8bf8885debbcab5b45436e3ad7a9b6ceaa8d2e2f908bfc43d5f7a671366a7e93,897b6ee5-14ef-49eb-8a93-c217408284ad,2026-03-10 13:13:22.382491
3111780801,7108916625,Dr. Tina Dennis,208200000X,Family Medicine,bbb36c2ffd7b3cdb452d38493c1191972dbae69b84b80b522420bcd652cacea7,897b6ee5-14ef-49eb-8a93-c217408284ad,2026-03-10 13:13:22.382491
2499828844,7990943628,Dr. Thomas Davis,207RC0000X,Psychologist,b5315bd5ef09e399b1553797cdc46e9c596b8dd676be0b8c1db667b22e3a6723,897b6ee5-14ef-49eb-8a93-c217408284ad,2026-03-10 13:13:22.382491
1578067968,4838006500,Dr. Emily Carter,208600000X,Endocrinology,ec1e1d5bc4135958fa0d610664adbf82a8159ab0e49d28be03c1019f3ea4f86b,897b6ee5-14ef-49eb-8a93-c217408284ad,2026-03-10 13:13:22.382491
811614306,4779337945,Dr. Julie Pena,207RG0100X,Family Medicine,69e5f9dc9a2fb953790bc9eae9d4b369ec9860236e6eb666772e2b960753e840,897b6ee5-14ef-49eb-8a93-c217408284ad,2026-03-10 13:13:22.382491
1737534854,3347349137,Dr. David Brown,208500000X,Family Medicine,9597c4d5d8e425d95105d48a140393d35b5019c7e4bad0240d2cd23ed9491d75,897b6ee5-14ef-49eb-8a93-c217408284ad,2026-03-10 13:13:22.382491
5845174428,9215913899,Dr. Michael Adams,208600000X,Endocrinology,ccf10957cd2c23c83eb32a9596d2e5d71bc9435e8b97d763c56cb57139ecd257,897b6ee5-14ef-49eb-8a93-c217408284ad,2026-03-10 13:13:22.382491
8986231658,3314872816,Dr. Karen Hanson,207RX0202X,Cardiologist,b4310adea0b7ae8b614ab9e7aae9023a1beca15e6f8728e63b672638c08983c3,897b6ee5-14ef-49eb-8a93-c217408284ad,2026-03-10 13:13:22.382491
7165012798,7233218639,Dr. Linda Watson,207X00000X,Dermatology,1176d14afe5a2f61f0b11a4dc3b62ab05b67446b502c7b59a68c6590c8fbe93c,897b6ee5-14ef-49eb-8a93-c217408284ad,2026-03-10 13:13:22.382491
1643449082,2501729008,Dr. Jeffrey Daniels,208100000X,Internal Medicine,b5f59c16bee3314c412a0845ff630a3d6473bcaf38a0388deb6e8143b0f08c1a,897b6ee5-14ef-49eb-8a93-c217408284ad,2026-03-10 13:13:22.382491
4756989799,8710101444,Dr. Brian Horne,208800000X,Psychologist,79a4fbb494f63cc1083346104ad3da4d7cd5b165bd9690b8d7786ccdf8d15c23,897b6ee5-14ef-49eb-8a93-c217408284ad,2026-03-10 13:13:22.382491
4633879816,3219658328,Dr. Tiffany Carroll,208000000X,Primary Care,0c8a62f3053a61df34c54160c9792ab2fa92b94bbdbe968f671ff33da0a3d837,897b6ee5-14ef-49eb-8a93-c217408284ad,2026-03-10 13:13:22.382491
5244943325,1108624940,Dr. Katherine Soto,208800000X,Endocrinology,6b8eacb9a3fcda370c7b49030acd448ff277b48147c3cddbe5995c0c4651c93a,897b6ee5-14ef-49eb-8a93-c217408284ad,2026-03-10 13:13:22.382491
8094150273,9685025444,Dr. Max Herrera,208100000X,Endocrinology,a50c533eda1396cc8e10013ac25feeed107a2f72b5ba1b27549621445778985f,897b6ee5-14ef-49eb-8a93-c217408284ad,2026-03-10 13:13:22.382491
3675524678,4538868747,Dr. Collin Ward,207Q00000X,Pediatrics,94a13fcbc4655f1c8477bf1eae62e454513f632b5f4baa25c3db5d392ff69b7a,897b6ee5-14ef-49eb-8a93-c217408284ad,2026-03-10 13:13:22.382491
3286779348,5375428335,Dr. Helen Nelson,207RC0000X,Dermatology,21f988a86029b99838dfe45c7139204d92edbe4e0996294c0fa45c70c7fea915,897b6ee5-14ef-49eb-8a93-c217408284ad,2026-03-10 13:13:22.382491
1579730220,1518685853,Dr. Timothy Holland,208500000X,Therapist,76a3f1194ac674c0e3eb6e8a2eb87c4762e26da24471f0bd4d598cd86c720efc,897b6ee5-14ef-49eb-8a93-c217408284ad,2026-03-10 13:13:22.382491
9061601532,6418637651,Dr. Joseph May,208000000X,Endocrinology,46766633f24868ffc0524a6ff0be4294aaa7cf94c5b837c7e9c3def86c4a8cf9,897b6ee5-14ef-49eb-8a93-c217408284ad,2026-03-10 13:13:22.382491
9213890153,3986393689,Dr. Amanda Mcgee,208800000X,Endocrinology,f7d3de4c15f2a6a9951f8fd416a0d07c4803edf0cdd53a5c96441b51f404c5a5,897b6ee5-14ef-49eb-8a93-c217408284ad,2026-03-10 13:13:22.382491
2728341816,4333387325,Dr. William Miller,207R00000X,Pediatrics,0505982688a80be97e8b27a0ef29a4d918583159d1193a0ba10bbd5cb9d00bd3,897b6ee5-14ef-49eb-8a93-c217408284ad,2026-03-10 13:13:22.382491
3466262815,2250378537,Dr. Crystal Hudson,207RC0000X,Gastroenterology,ce80ba9830f4d53f41c1103609bed5f4a328a45a0da44debf742f019d2e5fe57,897b6ee5-14ef-49eb-8a93-c217408284ad,2026-03-10 13:13:22.382491
1612860397,4080839990,Dr. Warren Moses,208800000X,Therapist,d2663c2776b1388010a3e21366f09bec9276544ec26eca453f18e66524ee97e4,897b6ee5-14ef-49eb-8a93-c217408284ad,2026-03-10 13:13:22.382491
4282851960,6781231861,Dr. Dwayne Jackson,207Q00000X,Gastroenterology,f4613dcee088276f310d1a4d313ff913d069a1da2b8c12705d6fb47eb606a4cc,897b6ee5-14ef-49eb-8a93-c217408284ad,2026-03-10 13:13:22.382491
8257299599,2439482024,Dr. Shelby Lopez,207RG0100X,Gastroenterology,9be26a21ae96054dd1a6401e636f768282bbfbd06f9651d3d2b43b4554c45503,897b6ee5-14ef-49eb-8a93-c217408284ad,2026-03-10 13:13:22.382491
8252530106,8691449758,Dr. David Taylor,208700000X,Internal Medicine,fc1154c763cce187efc47724d28312722b5210fc2d09daaf88b833b015066279,897b6ee5-14ef-49eb-8a93-c217408284ad,2026-03-10 13:13:22.382491
5839020942,7062183263,Dr. Jesse Smith,208100000X,Cardiologist,cb5c5fa017adcb324e2fa7e18a663b7e56bb668388fbaf1aef98261215221419,897b6ee5-14ef-49eb-8a93-c217408284ad,2026-03-10 13:13:22.382491
8192174056,5726337609,Dr. Michael Navarro,208500000X,Family Medicine,1148c39d896561483ba39e06792975971ea1cf7151970949e42106e4d755b826,897b6ee5-14ef-49eb-8a93-c217408284ad,2026-03-10 13:13:22.382491
2852072101,6105917185,Dr. Lindsey Walton,208000000X,Primary Care,ae30f78578fafe5f30f39f4461d1cc2c469f47e2d6a80549d97d74735e7414b8,897b6ee5-14ef-49eb-8a93-c217408284ad,2026-03-10 13:13:22.382491
6968933793,2404692874,Dr. Chad Walton,208200000X,Family Medicine,2f44cb41ce1fd0dccd9564131a63a785d05795a4ac125714b120cd43b61dd3ef,897b6ee5-14ef-49eb-8a93-c217408284ad,2026-03-10 13:13:22.382491
8696442340,3581742469,Dr. Adam Sullivan,208700000X,Gastroenterology,b4eeaf57c4fec5a454207e7233861c4c3e7e4d597471309faf4c80099f9b98a1,897b6ee5-14ef-49eb-8a93-c217408284ad,2026-03-10 13:13:22.382491
572778059,3141314440,Dr. Tracy Miller,207R00000X,Dermatology,6ee385bd1655215e4ab0c8ec6f61ba9d98b203bff1625d084eb78268de5b5dc5,897b6ee5-14ef-49eb-8a93-c217408284ad,2026-03-10 13:13:22.382491
4881637911,1142450727,Dr. Scott Clark,208600000X,Endocrinology,419a615f57339be8ed5bf7a5b6e2e360271e62f04f00260acd1d0985f0a805c9,897b6ee5-14ef-49eb-8a93-c217408284ad,2026-03-10 13:13:22.382491
1452303907,9322376530,Dr. Shirley Lee,208500000X,Primary Care,3cc1b547e2c40c5d751cb29339e55413f440ba3d957642a79a137144024584a0,897b6ee5-14ef-49eb-8a93-c217408284ad,2026-03-10 13:13:22.382491
9983792901,8886103786,Dr. Jesus Carroll,208300000X,Family Medicine,629c72705e7e546a422e943e087faa45b107d784eacdbf424c75cf369278a21c,897b6ee5-14ef-49eb-8a93-c217408284ad,2026-03-10 13:13:22.382491
4533923779,8151916436,Dr. Jasmine Patel,208600000X,Psychologist,4556773e548b63c8610f42f9792150458d46ff18ee754d61ad47b5993f2ca70b,897b6ee5-14ef-49eb-8a93-c217408284ad,2026-03-10 13:13:22.382491
2016485555,2226681358,Dr. Brandon Anderson,207Q00000X,Psychologist,287d6b098a79988a4b733dfcd7acd8b6cbe79e8855680bce3b274f87ada1b114,897b6ee5-14ef-49eb-8a93-c217408284ad,2026-03-10 13:13:22.382491
4136179050,871141699,Dr. Michelle Diaz,208100000X,Pediatrics,d6ef091fedee0d6fef12d407d7bc418e9dab2d2bc1df680e2a05c716e3dd496e,897b6ee5-14ef-49eb-8a93-c217408284ad,2026-03-10 13:13:22.382491
9185346604,2285999698,Dr. Rachel Stewart DDS,207Q00000X,Psychologist,23eabafb7adfa6c56e3a265e538b32a0d81175595ef20430e34a6b0ce2addd44,897b6ee5-14ef-49eb-8a93-c217408284ad,2026-03-10 13:13:22.382491
9106368623,6749135411,Dr. Yvette Rosario,208100000X,Internal Medicine,d621b4e14fa62a25e4aa92849ca0dfb88906342a0eeac7773cf3bf9c9bb9d235,897b6ee5-14ef-49eb-8a93-c217408284ad,2026-03-10 13:13:22.382491
8704825637,4519451758,Dr. Kimberly Russo,208200000X,Dermatology,1c848a354ca2cc00cbc39f4dd1631b5ca45517363ab6d99c9b0cd58f855bc566,897b6ee5-14ef-49eb-8a93-c217408284ad,2026-03-10 13:13:22.382491
2543869491,6103498641,Dr. Christina Johnson,208800000X,Psychologist,e1067fae71635a246dddcbdd27993377de46f62ff59ee364d664d4c4b2215583,897b6ee5-14ef-49eb-8a93-c217408284ad,2026-03-10 13:13:22.382491
7022428101,5461113777,Dr. Miranda Johnson,207RG0100X,Primary Care,d872005a0c5e92e32066014ad827ae567fba96a2e4ede5c93848d2d4536ebca7,897b6ee5-14ef-49eb-8a93-c217408284ad,2026-03-10 13:13:22.382491
2739597085,8426112816,Dr. Jennifer Thompson,208600000X,Pediatrics,3908b2b8a4ad50f5ee439af0f519eec2fca2a7d1c87fa17fc11f9541d0edc070,897b6ee5-14ef-49eb-8a93-c217408284ad,2026-03-10 13:13:22.382491
3344992739,2627135471,Dr. Kathryn Torres,208500000X,Dermatology,f5e3272f379b43fb0997a7310180cf311d248bed51606a2dbdc97f711a6ef04a,897b6ee5-14ef-49eb-8a93-c217408284ad,2026-03-10 13:13:22.382491
9728465078,4250584835,Dr. Kevin Caldwell,208300000X,Internal Medicine,d4ecc55cdec4c6aa3231fd8fc255c564101b35424a15d7e5b77aa5ce1a7db8d3,897b6ee5-14ef-49eb-8a93-c217408284ad,2026-03-10 13:13:22.382491
5106082888,4810191002,Dr. Richard Davis III,208400000X,Family Medicine,58f4cea1150cc40a75420eca6140146dedc3ff12c7785b41d8fc7a93680ba929,897b6ee5-14ef-49eb-8a93-c217408284ad,2026-03-10 13:13:22.382491
5302450993,9801978614,Dr. Sheryl Morgan,208400000X,Gastroenterology,9571a002165d7cedbdc2ff6e8ad3060e973c98605d7d389a342dca7ff671a9a7,897b6ee5-14ef-49eb-8a93-c217408284ad,2026-03-10 13:13:22.382491
5115209057,7570427529,Dr. Sara Mejia,208700000X,Dermatology,e5bf71f2b09806068a25b33137f59d97ca0efbd814448bf716c76802d4715a31,897b6ee5-14ef-49eb-8a93-c217408284ad,2026-03-10 13:13:22.382491
7076981840,6945801126,Dr. Mark Lucero,207RC0000X,Endocrinology,6907faa6d406ed778e0c8f8460a40471424ed10bf26e221bf2a99ed66a319f37,897b6ee5-14ef-49eb-8a93-c217408284ad,2026-03-10 13:13:22.382491
6823812664,8946929557,Dr. Christopher Navarro,208500000X,Family Medicine,a76e59dbca35f15a1c343efabcb5fdb74d24814c0db8655dc2fbc77564b89f55,897b6ee5-14ef-49eb-8a93-c217408284ad,2026-03-10 13:13:22.382491
2527820428,251905743,Dr. Laura Tapia,207RX0202X,Cardiologist,03fe58c3881f65ffbee8db40e8da170d34cf7c0c4301643183a0aef37a85746d,897b6ee5-14ef-49eb-8a93-c217408284ad,2026-03-10 13:13:22.382491
2325921162,2280815700,Dr. John Richardson,207X00000X,Family Medicine,63fd2cab616f4dd2ae675ac0f80dc153f0b649fc9c6e0785796c12314640c331,897b6ee5-14ef-49eb-8a93-c217408284ad,2026-03-10 13:13:22.382491
6326945757,4647102514,Dr. Robert Wells,207RG0100X,Psychologist,c4d811b785401ea48138be608396f0b8cc5017fd4eebbe05b6ba76cf08279469,897b6ee5-14ef-49eb-8a93-c217408284ad,2026-03-10 13:13:22.382491
3583036996,2080874583,Dr. Shelley Escobar,207RG0100X,Dermatology,e01563191701a7ef6dc64a221405e23e5cf1331616f183780a31bbf0c09a25fb,897b6ee5-14ef-49eb-8a93-c217408284ad,2026-03-10 13:13:22.382491
4730706717,8210914127,Dr. Keith Malone,207X00000X,Gastroenterology,48be9ca7edddc58376a5fd62ce947fc2974ca51b56c45c8e7afa02cc74072850,897b6ee5-14ef-49eb-8a93-c217408284ad,2026-03-10 13:13:22.382491
4041129944,1479665721,Dr. Amber Wise,208300000X,Dermatology,7f2a6af9cb5579c0e2ab76178338479419dce930cdd8dc1684db665c3c9f669d,897b6ee5-14ef-49eb-8a93-c217408284ad,2026-03-10 13:13:22.382491
8316646335,4836581629,Dr. Robert Henderson,207P00000X,Gastroenterology,171a4a1e36aa6fac297fee9386584e9a5595184e43cd975a370d6e105eda4965,897b6ee5-14ef-49eb-8a93-c217408284ad,2026-03-10 13:13:22.382491
3834699537,5585469252,Dr. Matthew Moore,208400000X,Therapist,b058f86280a683be05595272ec960ab545a3df412ee86bc7d17bef770a4c85ea,897b6ee5-14ef-49eb-8a93-c217408284ad,2026-03-10 13:13:22.382491
6274986173,311420926,Dr. Karen Cantrell,207RG0100X,Psychiatrist,c09f7f7b9baa933d395797cf5b1b4c0670f6486c55ea2d653fe4659d7fc1ab5d,897b6ee5-14ef-49eb-8a93-c217408284ad,2026-03-10 13:13:22.382491
6058625253,4374176627,Dr. Terri Carter,207P00000X,Psychologist,0b77fc9fcb3e1dce03422fb3a293d5f8854a401eeb28b2ef24e0766899b0f610,897b6ee5-14ef-49eb-8a93-c217408284ad,2026-03-10 13:13:22.382491
1742513482,3310648122,Dr. Jennifer Hamilton,208700000X,Gastroenterology,fb69cb725407de132c5f657372f124f42f83d4bf5500b96f79e9863b45edefdf,897b6ee5-14ef-49eb-8a93-c217408284ad,2026-03-10 13:13:22.382491
9331017726,1217153846,Dr. Veronica Boyd,208200000X,Primary Care,8792140526f8066334b4a1e5eba7a7b2ed5056dabf91e76de1830040ef3fb841,897b6ee5-14ef-49eb-8a93-c217408284ad,2026-03-10 13:13:22.382491
4839832528,7672283449,Dr. Rickey Rogers,208200000X,Dermatology,34c1505165121a1033dac675a0c941c654fe15c117eec46227dc8eb678948fd2,897b6ee5-14ef-49eb-8a93-c217408284ad,2026-03-10 13:13:22.382491
6029405914,1013039976,Dr. Samantha Dickson,208600000X,Endocrinology,e22f3bf5b6ba5e1e64063926d7117fa99620bb2275160d115f2731bef1ab6ef0,897b6ee5-14ef-49eb-8a93-c217408284ad,2026-03-10 13:13:22.382491
885883598,8531458369,Dr. Ryan Lee,207Q00000X,Family Medicine,338abfe13dbbc155d937428449852bbb53ff3c3d5283f71035eae3fcfc1c32cc,897b6ee5-14ef-49eb-8a93-c217408284ad,2026-03-10 13:13:22.382491
6261255668,4030888084,Dr. Jennifer Cox,207R00000X,Internal Medicine,7a485eed09cc42cc34e8ce0c615187802a6f4145130c8eb0ce855d0ce6ede18d,897b6ee5-14ef-49eb-8a93-c217408284ad,2026-03-10 13:13:22.382491
9917875637,3665365560,Dr. Anthony Benson,208400000X,Cardiologist,5e7adb67249386a3f585e189a152aba9d7677e9b476cc448ea7599def5207a15,897b6ee5-14ef-49eb-8a93-c217408284ad,2026-03-10 13:13:22.382491
5818740765,6452676438,Dr. Sarah Lane,207RC0000X,Gastroenterology,25ef8e095f84019bcdc6f64da16fe37afe503aebbe2d3b0974394604a119520e,897b6ee5-14ef-49eb-8a93-c217408284ad,2026-03-10 13:13:22.382491
4627061103,1207654772,Dr. Jason Ferguson,208600000X,Family Medicine,2756d2c65fd5e14c99560319a5e1f91cf68eee04610c200ce676c3e44dd7694e,897b6ee5-14ef-49eb-8a93-c217408284ad,2026-03-10 13:13:22.382491
2174038303,9443689205,Dr. Cameron Evans,208600000X,Therapist,b77215de6ef00f0a69068f7cbae4a638a0e2769a79795310507a407504453b09,897b6ee5-14ef-49eb-8a93-c217408284ad,2026-03-10 13:13:22.382491
8802206086,2717574586,Dr. Antonio Stewart,207RX0202X,Psychiatrist,98d3eae25ecee0e52941d5def39ea81d3c323faee403abee45d402d8898c98aa,897b6ee5-14ef-49eb-8a93-c217408284ad,2026-03-10 13:13:22.382491
1699382365,8586728303,Dr. Jonathan Ferrell,207P00000X,Dermatology,7760de6c14aabf40b0f9dddaeb67e664880e1016b36aefcae79523ffb820c216,897b6ee5-14ef-49eb-8a93-c217408284ad,2026-03-10 13:13:22.382491
2018806647,6502437882,Dr. Melissa Martinez,207RX0202X,Psychologist,759218511f9a28b1fabe8ce67f4177315ff6d61fd2f6c19d00db92e3d32688b0,897b6ee5-14ef-49eb-8a93-c217408284ad,2026-03-10 13:13:22.382491
6674629420,7386155209,Dr. Stanley Gonzalez,208500000X,Gastroenterology,4a235c42226de252a5895ee9a92562c64021003d45066be26d11586ab2cdaee1,897b6ee5-14ef-49eb-8a93-c217408284ad,2026-03-10 13:13:22.382491
9249888733,1831255103,Dr. Amanda Norman,208400000X,Primary Care,3cd6daf89f980074b926f86a5248be77fa9c2b6599844bb8df422c5f72fa665a,897b6ee5-14ef-49eb-8a93-c217408284ad,2026-03-10 13:13:22.382491
6119338457,8232999462,Dr. Terry Lopez,208000000X,Dermatology,5e21c6ebe1e81ad17385fcdffeaa3d542dfdc3bc1d47fd5ce9c605656eed374f,897b6ee5-14ef-49eb-8a93-c217408284ad,2026-03-10 13:13:22.382491
6164852356,6514550665,Dr. Julia Smith,207Q00000X,Dermatology,db2bd0bf700a60872a32b1540e4b8624b950bfa7c52ce10b2582b324ff4e3e48,897b6ee5-14ef-49eb-8a93-c217408284ad,2026-03-10 13:13:22.382491
1184398053,5751197110,Dr. Kerry Smith,208400000X,Family Medicine,b04f58da8b2efd556e9b46ea9ddfd9db25dea5fbfdbc05630eb1fe825b39f4fb,897b6ee5-14ef-49eb-8a93-c217408284ad,2026-03-10 13:13:22.382491
2168780223,3063233256,Dr. Jonathan Spencer,207RX0202X,Family Medicine,59b35838e9ba9ad000b6e6d113d1e6f51dca4e3aee5fb784ebc1a114989175b8,897b6ee5-14ef-49eb-8a93-c217408284ad,2026-03-10 13:13:22.382491
8067421646,2073775361,Dr. Alicia Pruitt,208600000X,Endocrinology,5916d89d1aa71c460a2fc0f4117e1ca3d79885d23679b1f4c09e7e4ae125a5aa,897b6ee5-14ef-49eb-8a93-c217408284ad,2026-03-10 13:13:22.382491
2346043954,8886359097,Dr. Christine Coffey,208400000X,Psychiatrist,6ddaac20a12f83b6f87410b013b11bfef75b5a025b40c9bd22950926c871a48b,897b6ee5-14ef-49eb-8a93-c217408284ad,2026-03-10 13:13:22.382491
6529380045,4474003044,Dr. Julie Young,207P00000X,Dermatology,50ba15b677ecddcf8df22ff336cc7725540494d6e60783e07dff45eedbd32bdb,897b6ee5-14ef-49eb-8a93-c217408284ad,2026-03-10 13:13:22.382491
9692249468,900891121,Dr. Stephanie Alexander,207X00000X,Dermatology,a451ee556f6c7225e9e09ba8db517b6c01642ae2127d7ffc73b50c5c70c96246,897b6ee5-14ef-49eb-8a93-c217408284ad,2026-03-10 13:13:22.382491
2760786600,496729767,Dr. Ruben Bruce,208000000X,Pediatrics,1f685ff999a07bad2c5dfe9d71bec3a192ef72e265f132c4227b4519f02910cb,897b6ee5-14ef-49eb-8a93-c217408284ad,2026-03-10 13:13:22.382491
5074218993,5123635336,Dr. Christopher Nguyen,208400000X,Psychologist,76ea8f6726a99b303001cfda196449660d5c0cc516259404173da52979185226,897b6ee5-14ef-49eb-8a93-c217408284ad,2026-03-10 13:13:22.382491
308954278,213707886,Dr. Rachel Harris,208700000X,Psychologist,4f2444d21472bb0c6f55b145c4fedd39b35e6f1a5d8863562bf164afec66c42f,897b6ee5-14ef-49eb-8a93-c217408284ad,2026-03-10 13:13:22.382491
2873178862,9835292645,Dr. Kim Klein,208600000X,Family Medicine,f54ccfbc9f17a2944290d56cc2c412e9ed777a653b62964f7a3c60b52aa95a77,897b6ee5-14ef-49eb-8a93-c217408284ad,2026-03-10 13:13:22.382491
1836835690,9255541492,Dr. Frank Marks,207R00000X,Psychologist,39ecf0d67b37203936b17f32dadbd755155fa56d5d168169a947349d1c50ac7d,897b6ee5-14ef-49eb-8a93-c217408284ad,2026-03-10 13:13:22.382491
6793447156,6213199544,Dr. Angela Guerra,208100000X,Gastroenterology,a2674e0875d0698a35a7a6fb7def9d1ecec2ab829dd1821c88e44417bcf8680f,897b6ee5-14ef-49eb-8a93-c217408284ad,2026-03-10 13:13:22.382491
5170813282,7302103323,Dr. Tommy Hughes,207P00000X,Dermatology,1e5e8ac4e09ff61ed7c4c096d4bd01226c0f3b3fbf1fd4eb52858c9f5716a74d,897b6ee5-14ef-49eb-8a93-c217408284ad,2026-03-10 13:13:22.382491
93011068,1734515641,Dr. Teresa Conrad,208000000X,Dermatology,3cf198cc1056540bf53ae291c6e3878c9d5460d2b1d738f726afc824d449cdae,897b6ee5-14ef-49eb-8a93-c217408284ad,2026-03-10 13:13:22.382491
8925453476,8625729471,Dr. James Davis,208800000X,Pediatrics,4d83e78e7f9c9749254e8ae2d7e3ab4b0ad1dab9abc46965fc42dcd42baa6e93,897b6ee5-14ef-49eb-8a93-c217408284ad,2026-03-10 13:13:22.382491
2578468305,1876226537,Dr. Christopher Carroll,208800000X,Dermatology,42e5398de9fd6e82958c94c0f18c1ecf4fe0fd742df86f20b82e628901e50cb2,897b6ee5-14ef-49eb-8a93-c217408284ad,2026-03-10 13:13:22.382491
5180117858,8040701090,Dr. Shannon Lee,208500000X,Cardiologist,e801004bbb6b03851b0fab7e44eb277ab9b0f9cb034c8b93bc7642f71a496420,897b6ee5-14ef-49eb-8a93-c217408284ad,2026-03-10 13:13:22.382491
7205994314,3909836278,Dr. Daniel Martinez,208500000X,Cardiologist,e4c0e9db7bd204bdf07795386644e6ca0a1a656b2955d86ae8d594a20db7bc0b,897b6ee5-14ef-49eb-8a93-c217408284ad,2026-03-10 13:13:22.382491
2552689143,3262470014,Dr. Jason Clark,208200000X,Cardiologist,d2d4a379c58eb48ab36fad69ca9e357af3f5770774efa5c622d091c6b12f83ae,897b6ee5-14ef-49eb-8a93-c217408284ad,2026-03-10 13:13:22.382491
7452047638,4678762475,Dr. Brandi Velasquez,208700000X,Psychologist,8170c995fe0374693c633b14ae3f22d341b501202574ab27611523fbfaf534aa,897b6ee5-14ef-49eb-8a93-c217408284ad,2026-03-10 13:13:22.382491
9852527877,9303107627,Dr. John Gordon,207P00000X,Gastroenterology,31c6980690d6421e226bb3b70ed6cdeb21701dfa197142cea1d74073155bbca9,897b6ee5-14ef-49eb-8a93-c217408284ad,2026-03-10 13:13:22.382491
221633300,4675009874,Dr. Bailey Sellers,207RG0100X,Family Medicine,ca220a652d58443d7e3cefc863fd6d1664bac3f3b58ac95ed965256f6fe088e1,897b6ee5-14ef-49eb-8a93-c217408284ad,2026-03-10 13:13:22.382491
2023712960,1457093398,Dr. Karen Peterson,207RC0000X,Psychologist,9025856b6411e23a4d0dd4f0ba1821f43b6291abcaa96ae74b7bfff18a0b7822,897b6ee5-14ef-49eb-8a93-c217408284ad,2026-03-10 13:13:22.382491
2359428411,7002251819,Dr. Jennifer Murillo,208700000X,Gastroenterology,60ecc303b8ab1dae33ff8cafe5f04d2c21314c19cf03e71d1ed3fe51ca398d4b,897b6ee5-14ef-49eb-8a93-c217408284ad,2026-03-10 13:13:22.382491
718057596,2514422238,Dr. Andrea Ross,207R00000X,Endocrinology,4b592655bd953547aa161c50518763bc5e0a07f41f02ee125fd31d71ca90da97,897b6ee5-14ef-49eb-8a93-c217408284ad,2026-03-10 13:13:22.382491
2448392941,7574104078,Dr. Brenda Rangel,207R00000X,Cardiologist,573c42131885566cdf340b7d945010085aca360fb60cf7250010b60d3c89d44b,897b6ee5-14ef-49eb-8a93-c217408284ad,2026-03-10 13:13:22.382491
8743314104,1507229410,Dr. Loretta Martin,207R00000X,Therapist,2a9d80f371d4006fc0252ce1b0b56917c3d9cd8b8f85b611851f1abbd4cf398f,897b6ee5-14ef-49eb-8a93-c217408284ad,2026-03-10 13:13:22.382491
3878020028,2315393974,Dr. David Heath,208600000X,Gastroenterology,a6b5223a1142248c48d060d3e83ea3002109510c05c256c321b13a738d8987d4,897b6ee5-14ef-49eb-8a93-c217408284ad,2026-03-10 13:13:22.382491
1917353305,4739194864,Dr. Kristen Gray,208600000X,Family Medicine,7cd4b19ced29c164637ba70d1c4f353ba62e12bb0c7506715e741921be20a845,897b6ee5-14ef-49eb-8a93-c217408284ad,2026-03-10 13:13:22.382491
6438042900,9149009991,Dr. Alyssa Willis,208300000X,Primary Care,3eb2fb6fb0cfcffd593b3f1e15c9b41ffde1900d887c17215497fd8a05c8563a,897b6ee5-14ef-49eb-8a93-c217408284ad,2026-03-10 13:13:22.382491
9600137188,7197284945,Dr. Krista Williams,208000000X,Psychiatrist,2a3a30b79a30ca116dd044059db0e87681e2029314939f7cf4950b26420ff071,897b6ee5-14ef-49eb-8a93-c217408284ad,2026-03-10 13:13:22.382491
2088440309,7739819007,Dr. Crystal Robinson,207RC0000X,Internal Medicine,3a9613cf88db4be467d78d48b2c449d1384cb9bded3b8292f79a05e42f982d1a,897b6ee5-14ef-49eb-8a93-c217408284ad,2026-03-10 13:13:22.382491
3387117035,8053892047,Dr. Timothy Adkins,207R00000X,Cardiologist,13b19cebcc603135b8c6c30d94ccf64572c83de0494467b7332f502e3d3a85fc,897b6ee5-14ef-49eb-8a93-c217408284ad,2026-03-10 13:13:22.382491
7124046574,2977433751,Dr. Mindy Martinez,208600000X,Therapist,8a7ae42a3a3be1e3d7434e49ef6370d56a5b2a8889ed186b04a7ae860fc6a37b,897b6ee5-14ef-49eb-8a93-c217408284ad,2026-03-10 13:13:22.382491
6922620155,1134360438,Dr. Cynthia Mckinney,207RX0202X,Primary Care,c06b4f204ddd80d8fcbf82734ce3a025f846e6210ed4d6dd1de8a29fc81bdace,897b6ee5-14ef-49eb-8a93-c217408284ad,2026-03-10 13:13:22.382491
9852188348,350766905,Dr. Tracey Shaw,208000000X,Therapist,a569dedfe8a8b36eb846bb97d6249a079214e755fdca4ec47ed31820ff8c08b6,897b6ee5-14ef-49eb-8a93-c217408284ad,2026-03-10 13:13:22.382491
30256184,6877317578,Dr. Alexander Kelly,208700000X,Psychologist,60aaaf156bb05c1d33cc097f2d14991b3a65d33d18cd6c876d56b1a86d616595,897b6ee5-14ef-49eb-8a93-c217408284ad,2026-03-10 13:13:22.382491
4565498273,3130278161,Dr. Kelly Williams,208200000X,Gastroenterology,479e04072612f7bcf595aaca8584c53c8969c5cc2936154ded25150ae2636637,897b6ee5-14ef-49eb-8a93-c217408284ad,2026-03-10 13:13:22.382491
4992029858,1458530618,Dr. Joe Mendoza,207RG0100X,Family Medicine,751bdf0a87b1ceb031f308623bcf5abf2456fcba6b774ccc457b4cc3b39942ee,897b6ee5-14ef-49eb-8a93-c217408284ad,2026-03-10 13:13:22.382491
7046559564,5667850295,Dr. Brian Ortega,208400000X,Dermatology,f535832a25635ebf6feeb8efe174835cdb60cf56249479992e8836f62dc19608,897b6ee5-14ef-49eb-8a93-c217408284ad,2026-03-10 13:13:22.382491
177521968,8082603674,Dr. Eric Smith,207RX0202X,Psychologist,5479a2145b04e925ecdcf609b06a5756466c7d8075aac491dcea97e164c75aa3,897b6ee5-14ef-49eb-8a93-c217408284ad,2026-03-10 13:13:22.382491
6866862998,9645828159,Dr. Aaron Hernandez,208400000X,Endocrinology,c365968018e1b357c9b31430f2a799d2fc4dd6cd2a60938722fa9695173585ca,897b6ee5-14ef-49eb-8a93-c217408284ad,2026-03-10 13:13:22.382491
8690555475,4081052641,Dr. Robert Ramsey,208400000X,Endocrinology,0a1d741ee00658722bb2f08f4a4e9dc7e1c0263a7b8d739ed84ce107487ea4d9,897b6ee5-14ef-49eb-8a93-c217408284ad,2026-03-10 13:13:22.382491
936393508,2594721770,Dr. Denise Strickland,208300000X,Psychiatrist,db473645593289cc527bf4135c6aa8fa92f43e5403865b521268d93d9f982f06,897b6ee5-14ef-49eb-8a93-c217408284ad,2026-03-10 13:13:22.382491
2749778329,5804005105,Dr. Scott Romero,207Q00000X,Endocrinology,78386791bba1002edf41d7a24ef2d6b9de5836fecef22d204abcadedd74b541c,897b6ee5-14ef-49eb-8a93-c217408284ad,2026-03-10 13:13:22.382491
7704939664,6644869517,Dr. Michael Brennan,208100000X,Family Medicine,04c7ddc021cd2aa503af94c84db9dea2e33abd077165f6cb5aaaadc2fc517edd,897b6ee5-14ef-49eb-8a93-c217408284ad,2026-03-10 13:13:22.382491
2476563791,8622834452,Dr. Deanna Smith,208400000X,Gastroenterology,9d9581f6aae3302d307dd256ba0e7e4e3c1380d7380ec0633be9f20052f2c101,897b6ee5-14ef-49eb-8a93-c217408284ad,2026-03-10 13:13:22.382491
8520347266,9782319357,Dr. Bailey Martinez,207P00000X,Endocrinology,a3f3d5583b1ccce58656c189a7d81794561b9f8f4bbac98a9644341926ad55f7,897b6ee5-14ef-49eb-8a93-c217408284ad,2026-03-10 13:13:22.382491
7415143766,5919913859,Dr. Zachary Evans,208200000X,Internal Medicine,34a62fd23ae2e3eb8f619e466314f4cdb63109a5e14930e231089efcbfc8b718,897b6ee5-14ef-49eb-8a93-c217408284ad,2026-03-10 13:13:22.382491
1531629427,3562686415,Dr. Diamond Guerrero,208100000X,Cardiologist,557fd5a44b9fb0f525e5bd5787640c7ecf943eca4896e8b81100bb5593e4309c,897b6ee5-14ef-49eb-8a93-c217408284ad,2026-03-10 13:13:22.382491
340111844,5083265947,Dr. Michelle Young,208000000X,Dermatology,c0e3b6f47b99e9f4876a6571c51221376edb8389ba5b0583205146e1e58a8b84,897b6ee5-14ef-49eb-8a93-c217408284ad,2026-03-10 13:13:22.382491
7798463999,6702030081,Dr. Amy Lutz,208200000X,Endocrinology,d432b93a885c715db227a8fb2132d09eefe3574d97e76ec2e455c481a5ef4ca0,897b6ee5-14ef-49eb-8a93-c217408284ad,2026-03-10 13:13:22.382491
7828105883,4327652186,Dr. Robert Hansen,208700000X,Internal Medicine,89f8832c88ac5f7293fef43f0702da8608b39b2f560460adc7ed872400d4733f,897b6ee5-14ef-49eb-8a93-c217408284ad,2026-03-10 13:13:22.382491
7911081781,9360678774,Dr. Samantha Robinson,208300000X,Family Medicine,674ed5cfbd371051b453cf56245007d9acfa8ed95b34493d75f0c04c1394d5a6,897b6ee5-14ef-49eb-8a93-c217408284ad,2026-03-10 13:13:22.382491
4698494116,1176598778,Dr. Nancy Johnson,207RX0202X,Pediatrics,e3dd71695bb486a02730da09237e60d08d89c5623d9dcb2dfafb1aaf6b6a02a3,897b6ee5-14ef-49eb-8a93-c217408284ad,2026-03-10 13:13:22.382491
3263677020,1415424269,Dr. James Cooper,207R00000X,Therapist,fdd176c5c8cd761e678f2a877e07db43ebc6d2cc3adf09b7f4139afe4c5f2589,897b6ee5-14ef-49eb-8a93-c217408284ad,2026-03-10 13:13:22.382491
4465445539,5960770966,Dr. Jeffrey Arias,208000000X,Internal Medicine,78a8e59067afb6ab8c763414f8b45522da60e5f5910069d8a9eec5e263d1918c,897b6ee5-14ef-49eb-8a93-c217408284ad,2026-03-10 13:13:22.382491
574545348,8724453459,Dr. Rachel Thornton,208600000X,Therapist,22eebf6136363ea1048837a4839f2b308af804847cd15086b26be5752d3dd474,897b6ee5-14ef-49eb-8a93-c217408284ad,2026-03-10 13:13:22.382491
1869965229,1916121846,Dr. Susan Pham MD,207X00000X,Psychologist,937af6bcc1ad47bb550005fb4f872d549a73b76905ac3b57e5047dfec5675bf4,897b6ee5-14ef-49eb-8a93-c217408284ad,2026-03-10 13:13:22.382491
2677410123,9541711793,Dr. Christopher Jones,208500000X,Gastroenterology,c6f9b06e1711bb43c49fe0bfff4be2bcff0c86c463c7e797a94b885922d53874,897b6ee5-14ef-49eb-8a93-c217408284ad,2026-03-10 13:13:22.382491
549088558,129659350,Dr. David Gill,207RC0000X,Psychologist,3dbd47483834f93e06152670988ce1744185ce6a1d8857b834f411524901b24c,897b6ee5-14ef-49eb-8a93-c217408284ad,2026-03-10 13:13:22.382491
4510961532,7455030618,Dr. Megan Kennedy,207RG0100X,Pediatrics,d07e05f4750555f2b14a23215224a5b74ec5f85404d7b03868d735cfcb19f21c,897b6ee5-14ef-49eb-8a93-c217408284ad,2026-03-10 13:13:22.382491
9442235019,1862029361,Dr. Michael Morales,207RC0000X,Endocrinology,5b08b0a0e25f9f4f7845403e3e2e81015fafc9dacb2a20b228f455fe7eaf0152,897b6ee5-14ef-49eb-8a93-c217408284ad,2026-03-10 13:13:22.382491
646774341,3780257880,Dr. Jennifer Alvarez,208800000X,Gastroenterology,b520e077e7fac65bf44150a9e494d585419e0836e5c01eb0ab1606bc750f2ddb,897b6ee5-14ef-49eb-8a93-c217408284ad,2026-03-10 13:13:22.382491
6818659967,5934633372,Dr. Morgan Day,208200000X,Cardiologist,100d7673ee6cc7a8da75d3d5a0527d7109ac02384ce826f182f1007f3c9a11c9,897b6ee5-14ef-49eb-8a93-c217408284ad,2026-03-10 13:13:22.382491
4534993581,2187381412,Dr. Alexandra Rivera,207Q00000X,Psychiatrist,0d04ff6a1f781767d0268027d6163f4db1ed675deb4cf358e32292f1778f8a52,897b6ee5-14ef-49eb-8a93-c217408284ad,2026-03-10 13:13:22.382491
1601678289,9361548019,Dr. Beth Lyons,208300000X,Dermatology,e6eca63bb56c75f25d1192f844e69813e99fca3428bcead27db359fd3fab9dad,897b6ee5-14ef-49eb-8a93-c217408284ad,2026-03-10 13:13:22.382491
4439393333,8798440137,Dr. Henry Jefferson,207RX0202X,Therapist,406b79f622ba18023ddc55b1ab7f411449377afc5c76d5a4c1120d5301f5d316,897b6ee5-14ef-49eb-8a93-c217408284ad,2026-03-10 13:13:22.382491
9299236470,2343496976,Dr. Micheal Santiago,207RG0100X,Primary Care,2d4d3831f11f32066e229d5d965bb4f010ac2a158898da8a8710c0da228afb12,897b6ee5-14ef-49eb-8a93-c217408284ad,2026-03-10 13:13:22.382491
6583238754,1917756967,Dr. Gary Howard,208000000X,Endocrinology,0cc9b4553ff44c925d13ba4b9284b887134c6a266afcac694541e45167b42f60,897b6ee5-14ef-49eb-8a93-c217408284ad,2026-03-10 13:13:22.382491
2692258369,2193286186,Dr. Richard Wang,208200000X,Family Medicine,c368c4106523bb37a0ac1a810ff07a2203346a21e5908f4d7be7daca89f4a77d,897b6ee5-14ef-49eb-8a93-c217408284ad,2026-03-10 13:13:22.382491
8735597361,5625984308,Dr. Anthony Allen MD,208600000X,Dermatology,a48b8420f56ba69874ef7bf3a98f1838acd24bec0f9962e1d33056411ed10c36,897b6ee5-14ef-49eb-8a93-c217408284ad,2026-03-10 13:13:22.382491
6655396291,9753564203,Dr. Brian Perez,208500000X,Internal Medicine,e5cab5df9e0baee061cf546fc1a15b34ae6d176fd615d91f7878a45c758232de,897b6ee5-14ef-49eb-8a93-c217408284ad,2026-03-10 13:13:22.382491
8198862557,8373306127,Dr. Ricky Gomez,207P00000X,Therapist,d38608b2f20df75d0df736371e407e3cf05d86fe5fde6bbba55afe9053648273,897b6ee5-14ef-49eb-8a93-c217408284ad,2026-03-10 13:13:22.382491
105631969,281947045,Dr. Mackenzie Thomas,207Q00000X,Primary Care,1a02f3220f8bab65cec91a5bd2f84aa767cb22fc6a15a2bd3115b83c859a8850,897b6ee5-14ef-49eb-8a93-c217408284ad,2026-03-10 13:13:22.382491
